allele,acc,n
HLA-B*27:05,0.200026836096726,275748
HLA-A*02:01,0.2108577493784683,140379
HLA-B*57:01,0.1945443645083933,93408
HLA-B*15:01,0.18020489769708997,68522
HLA-A*24:02,0.2011155920208903,64719
HLA-A*29:02,0.20177323564745098,59101
HLA-A*03:01,0.18935953790823554,55054
HLA-A*01:01,0.24479767147366233,52909
HLA-B*07:02,0.2556606228853995,46108
HLA-A*02:03,0.21245274102079395,42320
HLA-A*68:02,0.17101382884301544,34927
HLA-A*11:01,0.1623587400817504,33272
HLA-B*51:01,0.24582002630095812,31938
HLA-C*08:02,0.2937410869909681,31555
HLA-A*31:01,0.1461406850243729,30977
HLA-C*05:01,0.2657847859075015,30314
HLA-A*02:07,0.2660347446991215,30278
HLA-B*44:03,0.23802130348438347,27695
HLA-B*27:02,0.24534574468085107,27072
HLA-C*16:01,0.24706279794302016,26641
HLA-B*35:01,0.19519820897826842,25907
HLA-A*02:06,0.1806345957011259,24425
HLA-B*40:02,0.26144326517231486,24403
HLA-C*14:02,0.20364487543888982,23924
HLA-A*02:02,0.1816467926662582,21217
HLA-A*68:01,0.14658682634730538,20875
HLA-C*04:01,0.23886287948260052,20719
HLA-C*03:04,0.28123908814286425,20047
HLA-B*27:09,0.27216516453573675,19084
HLA-B*46:01,0.2005686085183993,18642
HLA-C*06:02,0.23663790764555864,18429
HLA-B*27:07,0.27977295055124984,18322
HLA-C*15:02,0.17954822278817406,18062
HLA-C*02:02,0.20289451711661563,17965
HLA-B*27:08,0.26702097902097904,17875
HLA-B*08:01,0.2326431866771689,17774
DLA-88*501:01,0.2131389345889828,17627
HLA-B*44:02,0.22812839386991673,16574
HLA-C*01:02,0.3142009884678748,15175
HLA-A*02:04,0.25296495956873316,14840
HLA-C*12:03,0.21631333093783686,13915
Mamu-A1*001:01,0.20595316261764063,13707
HLA-B*54:01,0.21857330958097745,12911
HLA-A*33:01,0.1290999077258619,11921
HLA-B*27:04,0.2675191815856777,11730
HLA-C*03:03,0.2773603693310401,11047
HLA-B*27:06,0.28307190135098376,11029
HLA-C*07:02,0.2152155848952082,10831
HLA-B*40:01,0.22332244811966712,9493
HLA-A*30:02,0.15086932136848008,8915
HLA-B*27:03,0.250721459078841,8663
HLA-B*58:01,0.12922395711955256,8582
HLA-A*30:01,0.12546728971962617,8560
HLA-A*26:01,0.1711060375443937,7884
HLA-A*23:01,0.15353507181704085,7171
Mamu-B*017:04,0.12780047907566577,7097
HLA-B*53:01,0.18232438606510565,7004
HLA-C*17:01,0.2607324338531628,5707
HLA-B*51:08,0.24932102118413904,5523
HLA-B*18:01,0.20103191286069177,5233
Mamu-A1*011:01,0.18942115768463075,5010
HLA-A*32:01,0.11072092542863045,4841
HLA-B*45:01,0.21120689655172414,4640
HLA-B*15:17,0.1385568835768039,4518
HLA-A*69:01,0.15156667476317706,4117
HLA-C*07:01,0.21604614577871,3814
Mamu-A1*002:01,0.12466772993088783,3762
HLA-B*15:03,0.14830381266886822,3331
HLA-B*15:42,0.1658322903629537,3196
HLA-B*45:06,0.16408961817608078,3169
HLA-A*24:03,0.17771280051981805,3078
HLA-B*39:01,0.17040650406504065,3075
HLA-A*24:06,0.21591650358773645,3066
HLA-B*83:01,0.15715268225584594,2908
HLA-A*02:17,0.2185333819773805,2741
HLA-B*35:08,0.21793416572077184,2643
HLA-B*15:02,0.20200849748937813,2589
Eqca-1*001:01,0.18492239467849225,2255
HLA-A*24:13,0.2163265306122449,2205
HLA-A*02:11,0.16273972602739725,1825
HLA-B*44:27,0.25352907961603616,1771
HLA-A*02:12,0.1677124928693668,1753
HLA-B*49:01,0.23469387755102042,1666
HLA-A*80:01,0.20077469335054873,1549
HLA-A*26:02,0.14721141374837873,1542
Patr-A*09:01,0.09813874788494077,1182
HLA-B*48:01,0.2003798670465337,1053
HLA-A*02:19,0.11619047619047619,1050
HLA-B*44:28,0.2638623326959847,1046
HLA-B*14:02,0.18736842105263157,950
Patr-B*13:01,0.21366594360086769,922
HLA-A*02:16,0.16830601092896175,915
HLA-A*02:50,0.1830808080808081,792
BoLA-6*013:01,0.1558109833971903,783
HLA-A*32:07,0.14303959131545338,783
HLA-B*27:20,0.19157088122605365,783
HLA-B*15:09,0.18414322250639387,782
HLA-B*41:03,0.22797927461139897,772
Patr-A*01:01,0.1843501326259947,754
DLA-88*508:01,0.14533333333333334,750
HLA-A*68:23,0.175,720
Patr-A*07:01,0.2434402332361516,686
HLA-A*32:15,0.121765601217656,657
HLA-A*66:01,0.1050228310502283,657
Mamu-B*001:01,0.13875598086124402,627
Patr-B*01:01,0.12939297124600638,626
HLA-A*25:01,0.1742671009771987,614
Gaga-BF2*021:01,0.1414141414141414,594
HLA-A*02:05,0.366412213740458,524
HLA-B*40:13,0.1388888888888889,504
HLA-B*13:01,0.09775967413441955,491
HLA-B*41:01,0.17586912065439672,489
HLA-A*26:03,0.13417190775681342,477
HLA-B*44:08,0.18201754385964913,456
HLA-B*73:01,0.15873015873015872,441
BoLA-2*012:01,0.18013856812933027,433
Eqca-1*002:01,0.23316062176165803,386
SLA-1*04:01,0.19109947643979058,382
Eqca-16*001:01,0.12602739726027398,365
HLA-B*41:04,0.2563380281690141,355
Patr-B*24:01,0.2056338028169014,355
HLA-B*27:01,0.2012012012012012,333
HLA-B*41:05,0.18152866242038215,314
HLA-B*08:02,0.30392156862745096,306
Patr-B*09:01,0.2620689655172414,290
HLA-A*30:14L,0.08896797153024912,281
HLA-A*66:02,0.1357142857142857,280
Patr-A*06:02,0.16487455197132617,279
HLA-B*38:01,0.07885304659498207,279
HLA-A*03:19,0.19157088122605365,261
HLA-B*47:01,0.16872427983539096,243
HLA-B*39:06,0.1288888888888889,225
HLA-B*15:10,0.13541666666666666,192
HLA-B*41:02,0.291005291005291,189
HLA-B*14:03,0.18617021276595744,188
HLA-C*08:01,0.19886363636363635,176
HLA-B*15:08,0.17751479289940827,169
HLA-B*41:06,0.20987654320987653,162
HLA-B*15:16,0.06918238993710692,159
HLA-B*44:05,0.1925925925925926,135
HLA-A*33:03,0.17293233082706766,133
Mamu-B*003:01,0.183206106870229,131
Gogo-B*01:01,0.16535433070866143,127
HLA-B*08:03,0.21428571428571427,126
HLA-A*11:02,0.07936507936507936,126
BoLA-2*008:01,0.09016393442622951,122
HLA-A*03:02,0.18181818181818182,121
HLA-B*37:01,0.1864406779661017,118
HLA-B*50:01,0.211864406779661,118
HLA-B*27:10,0.2545454545454545,110
SLA-1*07:02,0.1935483870967742,93
Gaga-BF2*012:01,0.047619047619047616,84
HLA-A*02:14,0.21951219512195122,82
Gaga-BF2*004:01,0.1625,80
Gaga-BF2*002:01,0.08974358974358974,78
HLA-B*52:01,0.09210526315789473,76
HLA-B*57:02,0.14473684210526316,76
HLA-B*35:03,0.3013698630136986,73
HLA-B*55:02,0.20833333333333334,72
Mamu-B*065:02,0.2638888888888889,72
HLA-C*12:02,0.15492957746478872,71
Gaga-BF2*014:01,0.09090909090909091,66
HLA-B*51:02,0.3225806451612903,62
HLA-B*58:02,0.2,60
HLA-B*39:05,0.11864406779661017,59
HLA-B*42:01,0.19642857142857142,56
HLA-B*35:02,0.2,55
SLA-2*04:01,0.18181818181818182,55
HLA-B*15:13,0.16666666666666666,54
HLA-B*57:03,0.2,50
HLA-A*30:04,0.14285714285714285,49
HLA-B*39:10,0.2608695652173913,46
Patr-A*03:01,0.1956521739130435,46
HLA-B*35:04,0.2391304347826087,46
HLA-B*35:06,0.24444444444444444,45
BoLA-4*024:01,0.05263157894736842,38
Patr-B*17:01,0.2894736842105263,38
HLA-A*02:09,0.2894736842105263,38
BoLA-2*018:01,0.2,35
HLA-B*39:09,0.11764705882352941,34
HLA-B*55:01,0.1724137931034483,29
Patr-A*04:01,0.03571428571428571,28
HLA-B*56:01,0.18518518518518517,27
HLA-A*30:03,0.18518518518518517,27
HLA-B*81:01,0.37037037037037035,27
HLA-B*42:02,0.2222222222222222,18
Mamu-B*004:01,0.0,17
BoLA-6*013:02,0.2727272727272727,11
Eqca-N*006:01,0.18181818181818182,11
Patr-A*05:01,0.2,10
BoLA-1*021:01,0.4,10
HLA-B*13:02,0.2,10
BoLA-6*041:01,0.3333333333333333,9
HLA-A*02:08,0.1111111111111111,9
SLA-1*15:02,0.1111111111111111,9
Patr-A*06:01,0.2222222222222222,9
Gaga-BF1*002:01,0.25,8
