chain,epoch,mse,aa_acc,active_emb,emb_dim
va,1,2.1908356608080464,0.02486111968755722,3,64
va,2,2.0932567584172674,0.030681291595101357,45,64
va,3,2.03379895684745,0.046466730535030365,64,64
va,4,1.978675648673234,0.06419222801923752,64,64
va,5,1.928648209713333,0.07744139432907104,64,64
va,6,1.881370246469326,0.0995485782623291,64,64
va,7,1.8307150502115281,0.1214664950966835,64,64
va,8,1.781319560094356,0.14628976583480835,64,64
va,9,1.7353798265391123,0.17284488677978516,64,64
va,10,1.6930644568774396,0.19232116639614105,64,64
va,11,1.6566585264620983,0.20922331511974335,64,64
va,12,1.624506574120413,0.2267122119665146,64,64
va,13,1.592698689738084,0.2391853630542755,64,64
va,14,1.5601321819628027,0.24980363249778748,64,64
va,15,1.528127973440493,0.26186037063598633,64,64
va,16,1.494029473480202,0.2752893567085266,64,64
va,17,1.4606092263871673,0.28724199533462524,64,64
va,18,1.4243349632806523,0.2982766628265381,64,64
va,19,1.388530381355512,0.3116583228111267,64,64
va,20,1.3532783514668043,0.3251156806945801,64,64
va,21,1.3195375366805215,0.33970871567726135,64,64
va,22,1.2865443590486791,0.35374337434768677,64,64
va,23,1.2585016906438313,0.3638695180416107,64,64
va,24,1.2315618975344091,0.3802511692047119,64,64
va,25,1.2043749670600326,0.3890713155269623,64,64
va,26,1.180661738095722,0.3956107497215271,64,64
va,27,1.1585874227340804,0.4061911404132843,64,64
va,28,1.138798311013732,0.41513434052467346,64,64
va,29,1.1165893153314186,0.42403021454811096,64,64
va,30,1.0974691809108066,0.4358692765235901,64,64
va,31,1.0773297411515852,0.4417935609817505,64,64
va,32,1.0600735372416934,0.4496200382709503,64,64
va,33,1.0416907893915677,0.4577588140964508,64,64
va,34,1.025522306045604,0.46984395384788513,64,64
va,35,1.0096035546058482,0.47602373361587524,64,64
va,36,0.994848880640477,0.4855915307998657,64,64
va,37,0.9795023062580535,0.4954337775707245,64,64
va,38,0.9636302083937044,0.49925708770751953,64,64
va,39,0.9497861260830118,0.5070551633834839,64,64
va,40,0.9371430776593239,0.5131781697273254,64,64
va,41,0.9224965970900599,0.520285427570343,64,64
va,42,0.9106068112376182,0.5278090834617615,64,64
va,43,0.8992951749340363,0.531603991985321,64,64
va,44,0.888600592148646,0.5380393266677856,64,64
va,45,0.8774977828109771,0.5432916879653931,64,64
va,46,0.8676227301093874,0.5487049221992493,64,64
va,47,0.857146427197461,0.5526701807975769,64,64
va,48,0.8468684596548448,0.5555471181869507,64,64
va,49,0.8374636792877189,0.5634588003158569,64,64
va,50,0.8285584311221167,0.565143346786499,64,64
va,51,0.8199069987536656,0.5710960030555725,64,64
va,52,0.8110158496511443,0.5723262429237366,64,64
va,53,0.8032769070888486,0.5767741799354553,64,64
va,54,0.7953990322310186,0.5803041458129883,64,64
va,55,0.789116602033583,0.5827457904815674,64,64
va,56,0.7818645254794497,0.5857268571853638,64,64
va,57,0.7732837051005793,0.5916795134544373,64,64
va,58,0.7654465326687466,0.5959097743034363,64,64
va,59,0.7584000205663498,0.5985312461853027,64,64
va,60,0.7521176003324997,0.6017394065856934,64,64
va,61,0.7437044690435883,0.6030265092849731,64,64
va,62,0.7391946525059633,0.606972873210907,64,64
va,63,0.7313923313403106,0.6116573810577393,64,64
va,64,0.7262871135707897,0.6168529391288757,64,64
va,65,0.719932472493599,0.6171368360519409,64,64
va,66,0.7159088967933617,0.6201841831207275,64,64
va,67,0.7088889394740323,0.62386554479599,64,64
va,68,0.7025990749678909,0.6243292689323425,64,64
va,69,0.7003471577202884,0.6306509971618652,64,64
va,70,0.6931457863835034,0.6319664716720581,64,64
va,71,0.6873834143170735,0.6354491114616394,64,64
va,72,0.6821357513511688,0.6352314352989197,64,64
va,73,0.6771632062693143,0.6396320462226868,64,64
va,74,0.6744706369531143,0.6426888108253479,64,64
va,75,0.6713302736820028,0.6432850360870361,64,64
va,76,0.6643891295622647,0.6492282152175903,64,64
va,77,0.6624251465533301,0.6489159464836121,64,64
va,78,0.6566386836572642,0.6514711380004883,64,64
va,79,0.6520346516317713,0.6557203531265259,64,64
va,80,0.6463883991411249,0.6553985476493835,64,64
va,81,0.641816251473658,0.6580483913421631,64,64
va,82,0.6368933933778758,0.6615405082702637,64,64
va,83,0.631607174401703,0.6640294790267944,64,64
va,84,0.6272534271140244,0.6660073399543762,64,64
va,85,0.6226222387171405,0.668269157409668,64,64
va,86,0.6194264007369323,0.670682430267334,64,64
va,87,0.616787140789183,0.6698306798934937,64,64
va,88,0.6151960236854063,0.670625627040863,64,64
va,89,0.6098641487894143,0.675896942615509,64,64
va,90,0.606025788243989,0.6780262589454651,64,64
va,91,0.6032391353247781,0.6775530576705933,64,64
va,92,0.5988350888506005,0.6827864646911621,64,64
va,93,0.594869808556418,0.6837139129638672,64,64
va,94,0.5907037523450767,0.6863542795181274,64,64
va,95,0.5880034096045264,0.6880483031272888,64,64
va,96,0.5834338341339406,0.6908779740333557,64,64
va,97,0.5782363549184375,0.6926003098487854,64,64
va,98,0.5768684279081494,0.6947959065437317,64,64
va,99,0.5735654037383143,0.6959220767021179,64,64
va,100,0.5686675190453949,0.6977201700210571,64,64
va,101,0.5700632995243242,0.7008810639381409,64,64
va,102,0.5652593139606933,0.7018747329711914,64,64
va,103,0.5630281080006374,0.7024804353713989,64,64
va,104,0.56315486827307,0.7012690901756287,64,64
va,105,0.5570378412596668,0.7077422738075256,64,64
va,106,0.5531259649585192,0.708452045917511,64,64
va,107,0.5486481216847602,0.7094551920890808,64,64
va,108,0.5469123311377656,0.7109031081199646,64,64
va,109,0.5466462690327925,0.7115655541419983,64,64
va,110,0.5448125146852638,0.714584469795227,64,64
va,111,0.5401066482126065,0.7147737741470337,64,64
va,112,0.5416615931971255,0.7161081433296204,64,64
va,113,0.538404501922996,0.7197611331939697,64,64
va,114,0.5318687369514525,0.7171586155891418,64,64
va,115,0.5306359023356886,0.7214835286140442,64,64
va,116,0.5271612195893164,0.721786379814148,64,64
va,117,0.5252430231764573,0.723773717880249,64,64
va,118,0.5213392504244955,0.7251648902893066,64,64
va,119,0.5193486850410257,0.7261680364608765,64,64
va,120,0.5176723699069754,0.7285056114196777,64,64
va,121,0.5150285201067977,0.7285150289535522,64,64
va,122,0.5141734775048925,0.7291491031646729,64,64
va,123,0.5140782850845159,0.7299535274505615,64,64
va,124,0.5107114414963595,0.7321396470069885,64,64
va,125,0.5070685935303436,0.733805239200592,64,64
va,126,0.5057728659623218,0.7351869344711304,64,64
va,127,0.5028767980465667,0.7358494400978088,64,64
va,128,0.5016553886566388,0.7364361882209778,64,64
va,129,0.49850312771476457,0.738007128238678,64,64
va,130,0.4993852550268881,0.7392563223838806,64,64
va,131,0.4969844513017275,0.7385843992233276,64,64
va,132,0.49247213175223675,0.7408746480941772,64,64
va,133,0.4915267444859626,0.7430039644241333,64,64
va,134,0.48961392027334216,0.7430607676506042,64,64
va,135,0.4881147478737534,0.7443856596946716,64,64
va,136,0.48469090965805844,0.744735836982727,64,64
va,137,0.4833645523478794,0.7460228800773621,64,64
va,138,0.48116722269652507,0.7454550862312317,64,64
va,139,0.4801932739574761,0.747953474521637,64,64
va,140,0.4790837617939233,0.7478020787239075,64,64
va,141,0.4767704541499254,0.7492594718933105,64,64
va,142,0.4750915976825265,0.7505843639373779,64,64
va,143,0.473963508855931,0.7520323395729065,64,64
va,144,0.4720952374350305,0.7509250640869141,64,64
va,145,0.4709369992997597,0.7528746128082275,64,64
va,146,0.4694953838512523,0.7540575861930847,64,64
va,147,0.46793461246848933,0.7538114786148071,64,64
va,148,0.46881472247880246,0.7519187927246094,64,64
va,149,0.4685083645387644,0.7543320059776306,64,64
va,150,0.46452541798205804,0.757369875907898,64,64
va,151,0.4628045100545553,0.755571722984314,64,64
va,152,0.46084961872897917,0.7582688927650452,64,64
va,153,0.46019718522605746,0.7598114609718323,64,64
va,154,0.45906298880996854,0.758685290813446,64,64
va,155,0.45637676597349014,0.7599344849586487,64,64
va,156,0.45627964839973034,0.759272038936615,64,64
va,157,0.45724437203770457,0.7609092593193054,64,64
va,158,0.4565230818459825,0.7618745565414429,64,64
va,159,0.45244882064922154,0.763559103012085,64,64
va,160,0.4501071286366554,0.7643351554870605,64,64
va,161,0.44748304664911787,0.7658682465553284,64,64
va,162,0.44627494819676017,0.7657546997070312,64,64
va,163,0.44524551136557355,0.7661805748939514,64,64
va,164,0.4427158933954588,0.7676852941513062,64,64
va,165,0.44116967144163377,0.7672310471534729,64,64
va,166,0.44053095605677595,0.768101692199707,64,64
va,167,0.4401580448438341,0.7696442604064941,64,64
va,168,0.43949675206260796,0.7688776850700378,64,64
va,169,0.4414017143282527,0.7701931595802307,64,64
va,170,0.43671023497831457,0.7708839774131775,64,64
va,171,0.435663874230682,0.7709313035011292,64,64
va,172,0.43501077139884614,0.77163165807724,64,64
va,173,0.43555663589436033,0.770732581615448,64,64
va,174,0.4393218628966372,0.770732581615448,64,64
va,175,0.4416849924183269,0.7611837387084961,64,64
va,176,0.4411587876393934,0.77134770154953,64,64
va,177,0.43384594465103865,0.7737798690795898,64,64
va,178,0.42954176649613385,0.7727578282356262,64,64
va,179,0.4290518638347188,0.7758524417877197,64,64
va,180,0.42572250723485067,0.7760795950889587,64,64
va,181,0.4244336778874685,0.7759754657745361,64,64
va,182,0.42372593375035256,0.7778303623199463,64,64
va,183,0.42318830277280683,0.7780764102935791,64,64
va,184,0.42238028941475203,0.7760890126228333,64,64
va,185,0.4217504384963378,0.7797893285751343,64,64
va,186,0.4216440487745136,0.7784549593925476,64,64
va,187,0.42006906687211093,0.7776505351066589,64,64
va,188,0.420832000341189,0.7820984721183777,64,64
va,189,0.41844881954579866,0.7796189785003662,64,64
va,190,0.4175594591127541,0.7790038585662842,64,64
va,191,0.4173943044877548,0.7815968990325928,64,64
va,192,0.4177730540080783,0.7818619012832642,64,64
va,193,0.41345202866812725,0.7824581265449524,64,64
va,194,0.4119736063786949,0.7838776707649231,64,64
va,195,0.40986497775383446,0.7842562198638916,64,64
va,196,0.4084806452283284,0.7840574383735657,64,64
va,197,0.4075827499820264,0.7845117449760437,64,64
va,198,0.40613194837296634,0.7860448360443115,64,64
va,199,0.40542407913094813,0.7864517569541931,64,64
va,200,0.4049891234328556,0.7857987880706787,64,64
va,201,0.4074576199644279,0.7852498888969421,64,64
va,202,0.4094964811462323,0.7833760976791382,64,64
va,203,0.4076700174902832,0.7860637903213501,64,64
va,204,0.4070060126977198,0.7875968813896179,64,64
va,205,0.40420144752154363,0.7833855152130127,64,64
va,206,0.40392464888673624,0.7856000661849976,64,64
va,207,0.4031155100267318,0.7881079316139221,64,64
va,208,0.4010648126064493,0.7891489267349243,64,64
va,209,0.3992308093166729,0.7892435789108276,64,64
va,210,0.3977832768543538,0.7892624735832214,64,64
va,211,0.3967581188820236,0.7897735238075256,64,64
va,212,0.39540345154695294,0.7905117273330688,64,64
va,213,0.3951516544076031,0.7914296984672546,64,64
va,214,0.39420372327286696,0.7909943461418152,64,64
va,215,0.39344625438827907,0.7916662693023682,64,64
va,216,0.3941470776066464,0.7909564971923828,64,64
va,217,0.39340850531052646,0.7928492426872253,64,64
va,218,0.3946791260579691,0.7918649911880493,64,64
va,219,0.3917626486805615,0.7916378974914551,64,64
va,220,0.39093369832142644,0.7932277917861938,64,64
va,221,0.39104720882327104,0.7938807606697083,64,64
va,222,0.389973416644435,0.7937198877334595,64,64
va,223,0.3883452738251106,0.7935873866081238,64,64
va,224,0.38725732235950955,0.7945905327796936,64,64
va,225,0.385687041736616,0.7954517602920532,64,64
va,226,0.38467884880263065,0.7953760623931885,64,64
va,227,0.3863190781291939,0.7948744893074036,64,64
va,228,0.3852132329778077,0.7962940335273743,64,64
va,229,0.3839809259014714,0.7959722280502319,64,64
va,230,0.38402917550768034,0.7966820001602173,64,64
va,231,0.38223896155725245,0.7963318824768066,64,64
va,232,0.381818749754884,0.7983381748199463,64,64
va,233,0.38009580011773414,0.7966914772987366,64,64
va,234,0.3799350141712513,0.7976852059364319,64,64
va,235,0.3793267821110085,0.7974959015846252,64,64
va,236,0.379158944687433,0.7991236448287964,64,64
va,237,0.37692755171854114,0.7999280691146851,64,64
va,238,0.37500845295267454,0.8003349900245667,64,64
va,239,0.37529434677873,0.7997198700904846,64,64
va,240,0.37416586483267716,0.8013476133346558,64,64
va,241,0.3731440823639418,0.80149906873703,64,64
va,242,0.3717652590527143,0.8020195364952087,64,64
va,243,0.3724260041609952,0.8019816875457764,64,64
va,244,0.3704020250975555,0.8011772632598877,64,64
va,245,0.37025246074244483,0.8033350110054016,64,64
va,246,0.36959977484834183,0.8036378622055054,64,64
va,247,0.3691707514042199,0.8033444881439209,64,64
va,248,0.36800314864819883,0.8032403588294983,64,64
va,249,0.3669309304505734,0.8041015863418579,64,64
va,250,0.3663031469171998,0.8052466511726379,64,64
va,251,0.3655181948084506,0.8044706583023071,64,64
va,252,0.3662997243076592,0.8058239817619324,64,64
va,253,0.3661302039224717,0.8024170398712158,64,64
va,254,0.36662398218283193,0.8064296245574951,64,64
va,255,0.3646028828019558,0.8061646223068237,64,64
va,256,0.3645980518189665,0.8052750825881958,64,64
va,257,0.3638552490080146,0.8051614761352539,64,64
va,258,0.363734692423563,0.8055495023727417,64,64
va,259,0.3616543350599404,0.8075747489929199,64,64
va,260,0.36073206015793435,0.8085400462150574,64,64
va,261,0.35962443995546517,0.8071488738059998,64,64
va,262,0.3594952749805092,0.8087671399116516,64,64
va,263,0.3611183317726373,0.8097608685493469,64,64
va,264,0.36032485667133424,0.806174099445343,64,64
va,265,0.3627399973180716,0.8099501132965088,64,64
va,266,0.3607617601324849,0.8087860941886902,64,64
va,267,0.3601020759102381,0.8093823194503784,64,64
va,268,0.3586238227659352,0.8097419142723083,64,64
va,269,0.35797084571699717,0.8081614971160889,64,64
va,270,0.3611104243410094,0.8100920915603638,64,64
va,271,0.35915574914859616,0.8096378445625305,64,64
va,272,0.35894467300642374,0.8098365664482117,64,64
va,273,0.35799993266573527,0.8090037703514099,64,64
va,274,0.3591265459088968,0.810234010219574,64,64
va,275,0.3561756403639574,0.8120889067649841,64,64
va,276,0.3526289024114845,0.8120794296264648,64,64
va,277,0.3531518526353185,0.8127135038375854,64,64
va,278,0.35111149995192575,0.8132813572883606,64,64
va,279,0.35090498822261273,0.8132435083389282,64,64
va,280,0.3501678105631639,0.8135084509849548,64,64
va,281,0.3506812965598705,0.8138964772224426,64,64
va,282,0.3498607076829784,0.8128554821014404,64,64
va,283,0.3501400105677302,0.8144170045852661,64,64
va,284,0.34778820946591543,0.8147577047348022,64,64
va,285,0.3471112883880985,0.814161479473114,64,64
va,286,0.3464287801265245,0.81550532579422,64,64
va,287,0.34612232882945876,0.816063642501831,64,64
va,288,0.34722739198677144,0.8159785270690918,64,64
va,289,0.3448187203600664,0.8140384554862976,64,64
va,290,0.34575589270903023,0.816877543926239,64,64
va,291,0.3427759176368883,0.8175684213638306,64,64
va,292,0.3430662729089267,0.8174169659614563,64,64
va,293,0.3436025337165942,0.817322313785553,64,64
va,294,0.3421428698519453,0.8177955150604248,64,64
va,295,0.34120076549866785,0.8184201121330261,64,64
va,296,0.34050197827120326,0.8183822631835938,64,64
va,297,0.33908352933816693,0.8195557594299316,64,64
va,298,0.33867082268029125,0.8200005888938904,64,64
va,299,0.3404565893047288,0.8179374933242798,64,64
va,300,0.3447967246248507,0.8182497620582581,64,64
va,301,0.34499301129821264,0.8132340312004089,64,64
va,302,0.34423752894033666,0.8200384378433228,64,64
va,303,0.34053374745843434,0.8172277212142944,64,64
va,304,0.34043988497037914,0.8185620903968811,64,64
va,305,0.33963183184641643,0.8200100064277649,64,64
va,306,0.33807866064542363,0.8187419176101685,64,64
va,307,0.33834926924059344,0.8196030855178833,64,64
va,308,0.3392053301622087,0.8199154138565063,64,64
va,309,0.33620309812025073,0.8208428621292114,64,64
va,310,0.33656792969071664,0.8219406008720398,64,64
va,311,0.3366947005457741,0.8195557594299316,64,64
va,312,0.33614344150564907,0.8218175768852234,64,64
va,313,0.3352818786213589,0.8209090828895569,64,64
va,314,0.3359393675237688,0.8215904831886292,64,64
va,315,0.3373631164357877,0.8229153752326965,64,64
va,316,0.3333392937683328,0.8220163583755493,64,64
va,317,0.33160100041581897,0.8230383992195129,64,64
va,318,0.33041118387534524,0.8236251473426819,64,64
va,319,0.3305876510610213,0.82236647605896,64,64
va,320,0.3314885444032686,0.8229627013206482,64,64
va,321,0.3314665688015705,0.8241456747055054,64,64
va,322,0.3294486779900144,0.8238901495933533,64,64
va,323,0.32981337431512414,0.8227261304855347,64,64
va,324,0.33239031147532366,0.8215053081512451,64,64
va,325,0.33542946325919043,0.8235872983932495,64,64
va,326,0.33047513143480944,0.8252813220024109,64,64
va,327,0.3303768688151438,0.8224327564239502,64,64
va,328,0.32777008314043077,0.8243349194526672,64,64
va,329,0.32948826735380493,0.8244958519935608,64,64
va,330,0.32953084726715653,0.825839638710022,64,64
va,331,0.32914179404340793,0.8243065476417542,64,64
va,332,0.3261739416186109,0.8249122500419617,64,64
va,333,0.3259024838783385,0.8251488208770752,64,64
va,334,0.3251477971334014,0.826151967048645,64,64
va,335,0.3238676115796781,0.8248838186264038,64,64
va,336,0.32455253515587834,0.8264642953872681,64,64
va,337,0.3235077042313169,0.8260384202003479,64,64
va,338,0.32315219975602616,0.825981616973877,64,64
va,339,0.32258712428849484,0.8266346454620361,64,64
va,340,0.32258899107531197,0.8257923722267151,64,64
va,341,0.32308682100709185,0.8273916840553284,64,64
va,342,0.3218398485351151,0.8269752860069275,64,64
va,343,0.32267860486056993,0.8264074921607971,64,64
va,344,0.3222778639677842,0.8275147676467896,64,64
va,345,0.32062091427080475,0.8267197608947754,64,64
va,346,0.32189288708859454,0.8244674205780029,64,64
va,347,0.32390392324808914,0.825924813747406,64,64
va,348,0.3200138057080032,0.8271172642707825,64,64
va,349,0.32074092559951234,0.8280541896820068,64,64
va,350,0.32082695564813357,0.8276188373565674,64,64
va,351,0.3211132809446073,0.8272497653961182,64,64
va,352,0.3233910969704478,0.8273254632949829,64,64
va,353,0.322223678540759,0.8285746574401855,64,64
va,354,0.3200319885441151,0.8272308111190796,64,64
va,355,0.3175723384089333,0.8284989595413208,64,64
va,356,0.3173324379086141,0.829767107963562,64,64
va,357,0.31649206477032216,0.828924834728241,64,64
va,358,0.31945588813337444,0.8299185037612915,64,64
va,359,0.3170973883774113,0.8286030888557434,64,64
va,360,0.31541365570767343,0.8299942016601562,64,64
va,361,0.31365022092733374,0.8303065299987793,64,64
va,362,0.31300056912189184,0.8305147290229797,64,64
va,363,0.3132859204041852,0.8306282758712769,64,64
va,364,0.3139306619601245,0.8305715322494507,64,64
va,365,0.3149742166908747,0.8302592039108276,64,64
va,366,0.31360458119097145,0.8312528729438782,64,64
va,367,0.31460495105954706,0.8302497267723083,64,64
va,368,0.3154366652524554,0.8312056064605713,64,64
va,369,0.3130741483733633,0.8312245011329651,64,64
va,370,0.31472346646495675,0.8315557241439819,64,64
va,371,0.3132309848488733,0.829852283000946,64,64
va,372,0.31200132675977416,0.8320005536079407,64,64
va,373,0.30989398488187175,0.831281304359436,64,64
va,374,0.31069120369726305,0.8321897983551025,64,64
va,375,0.3086648898827452,0.8324074745178223,64,64
va,376,0.30956446676414634,0.831110954284668,64,64
va,377,0.311030869726847,0.8317923545837402,64,64
va,378,0.3094244873488338,0.8320951461791992,64,64
va,379,0.3091584313752979,0.8325588703155518,64,64
va,380,0.30881941430528603,0.8333443999290466,64,64
va,381,0.3089389549872288,0.833069920539856,64,64
va,382,0.3071496250839309,0.8331929445266724,64,64
va,383,0.30713869108054803,0.8328711986541748,64,64
va,384,0.3071530341925182,0.8336566686630249,64,64
va,385,0.307661586622574,0.8317734003067017,64,64
va,386,0.30889972048036896,0.8339027166366577,64,64
va,387,0.3116130278796754,0.8331456184387207,64,64
va,388,0.30908059443021974,0.8328428268432617,64,64
va,389,0.3070860304653232,0.8345651626586914,64,64
va,390,0.3050071790475402,0.8347639441490173,64,64
va,391,0.3056225574158066,0.8339027166366577,64,64
va,392,0.3044659409867314,0.8328522443771362,64,64
va,393,0.3057352127590236,0.8356440663337708,64,64
va,394,0.3037461593349185,0.833968997001648,64,64
va,395,0.3037421972473345,0.8354642391204834,64,64
va,396,0.30228430819794405,0.8356156349182129,64,64
va,397,0.3006295629884793,0.8357576131820679,64,64
va,398,0.3010559856125202,0.8357008099555969,64,64
va,399,0.3013034209712205,0.8357197642326355,64,64
va,400,0.30169433685485736,0.8363916873931885,64,64
va,401,0.30082267015789194,0.8346409201622009,64,64
va,402,0.3006950272237983,0.835785984992981,64,64
va,403,0.3009895518436866,0.8360604643821716,64,64
va,404,0.30022366856373145,0.8354642391204834,64,64
va,405,0.30067407742923846,0.8354926109313965,64,64
va,406,0.30210759817197935,0.8369311094284058,64,64
va,407,0.3017877466482885,0.835956335067749,64,64
va,408,0.30276947827414635,0.835199236869812,64,64
va,409,0.3024132774680352,0.8354358673095703,64,64
va,410,0.2994899756535814,0.8358806371688843,64,64
va,411,0.2998980741236731,0.8371014595031738,64,64
va,412,0.29926807103949415,0.8365525603294373,64,64
va,413,0.2996856173763879,0.8366472125053406,64,64
va,414,0.29864844405686464,0.8344800472259521,64,64
va,415,0.3007126523939014,0.8378680348396301,64,64
va,416,0.29808781252534644,0.8367418646812439,64,64
va,417,0.299432165043762,0.8375557065010071,64,64
va,418,0.29835131384144903,0.8362497091293335,64,64
va,419,0.2961944805939049,0.8381614089012146,64,64
va,420,0.2962244505285627,0.8385683298110962,64,64
va,421,0.2953147021233741,0.8381519317626953,64,64
va,422,0.2931937738353963,0.8383506536483765,64,64
va,423,0.2957106056069526,0.8390982747077942,64,64
va,424,0.29514805024856394,0.8393064737319946,64,64
va,425,0.29383976991877003,0.8403948545455933,64,64
va,426,0.2930262937743869,0.8388238549232483,64,64
va,427,0.29188791315350404,0.8404989242553711,64,64
va,428,0.2908545051554898,0.8402528762817383,64,64
va,429,0.2921813362665865,0.8401393294334412,64,64
va,430,0.29298414677587864,0.839571475982666,64,64
va,431,0.29276185933017823,0.8404232263565063,64,64
va,432,0.2911680877267666,0.840385377407074,64,64
va,433,0.29129749333115645,0.8396944999694824,64,64
va,434,0.2903641885041483,0.8400635719299316,64,64
va,435,0.289840311077299,0.8388049006462097,64,64
va,436,0.2895098082743342,0.841312825679779,64,64
va,437,0.29023752884034704,0.840858519077301,64,64
va,438,0.2892626032572236,0.8409910202026367,64,64
va,439,0.2883546691384207,0.8408869504928589,64,64
va,440,0.28802266145082656,0.8417386412620544,64,64
va,441,0.2874949603359022,0.840555727481842,64,64
va,442,0.28889176812535106,0.8398270010948181,64,64
va,443,0.2890284157235592,0.8392024040222168,64,64
va,444,0.2893599071323459,0.8407071232795715,64,64
va,445,0.2888717641934207,0.8420320153236389,64,64
va,446,0.2866572513365722,0.8408396244049072,64,64
va,447,0.2862861741013626,0.8416061997413635,64,64
va,448,0.28588165052448844,0.8417102694511414,64,64
va,449,0.2858844010341769,0.8425052165985107,64,64
va,450,0.28572616131440115,0.8414642214775085,64,64
va,451,0.2864840588395131,0.8371014595031738,64,64
va,452,0.28801098345059434,0.8422213196754456,64,64
va,453,0.28631666874555406,0.8426660895347595,64,64
va,454,0.28648861703250106,0.8408017754554749,64,64
va,455,0.28696567713329985,0.8417670726776123,64,64
va,456,0.2863102248997882,0.8424389958381653,64,64
va,457,0.28437032617635943,0.8426755666732788,64,64
va,458,0.28368643913731256,0.8442465662956238,64,64
va,459,0.2839151854036352,0.8420131206512451,64,64
va,460,0.28449137607620684,0.8426093459129333,64,64
va,461,0.28341689131026454,0.8425809144973755,64,64
va,462,0.28398328061509437,0.8426377177238464,64,64
va,463,0.28317136707338925,0.8442844152450562,64,64
va,464,0.2826642150577051,0.8433380126953125,64,64
va,465,0.28221864136107244,0.8442276120185852,64,64
va,466,0.2822708960044042,0.843773365020752,64,64
va,467,0.2811988814117647,0.84394371509552,64,64
va,468,0.28089575190926164,0.8440762162208557,64,64
va,469,0.2814169393154091,0.8420604467391968,64,64
va,470,0.2825122149891481,0.8439342379570007,64,64
va,471,0.28255464886817216,0.8437828421592712,64,64
va,472,0.2811467282319281,0.8449752330780029,64,64
va,473,0.28166139255527456,0.8445020914077759,64,64
va,474,0.2814306587305078,0.843271791934967,64,64
va,475,0.28306832603012183,0.8432623147964478,64,64
va,476,0.2847805409945555,0.8430824875831604,64,64
va,477,0.2888950327619483,0.8439153432846069,64,64
va,478,0.2855563554636449,0.8428080677986145,64,64
vb,1,2.098522806924487,0.031044622883200645,1,64
vb,2,1.9735123865188113,0.03280112147331238,3,64
vb,3,1.9201872178486414,0.04337958246469498,13,64
vb,4,1.8805537602258107,0.05389883369207382,48,64
vb,5,1.8456653886371188,0.06179320812225342,63,64
vb,6,1.815130903607323,0.07077305763959885,64,64
vb,7,1.786841971533639,0.07697013765573502,64,64
vb,8,1.7633619138172694,0.08346325904130936,64,64
vb,9,1.7446714261221508,0.08954192698001862,64,64
vb,10,1.7274995739497836,0.09627187997102737,64,64
vb,11,1.7111330959531996,0.1005743145942688,64,64
vb,12,1.6929746658082991,0.10771872103214264,64,64
vb,13,1.6737657198830256,0.11815903335809708,64,64
vb,14,1.6530761964737424,0.13485562801361084,64,64
vb,15,1.6317351810515872,0.1461840569972992,64,64
vb,16,1.6082481240469313,0.15447315573692322,64,64
vb,17,1.5857852829827204,0.17606425285339355,64,64
vb,18,1.5616167670204526,0.1945963054895401,64,64
vb,19,1.5366511193532792,0.20227357745170593,64,64
vb,20,1.5133364276280479,0.22658824920654297,64,64
vb,21,1.488824066661653,0.24239672720432281,64,64
vb,22,1.4640913104254103,0.24786359071731567,64,64
vb,23,1.4425749230006384,0.2703230679035187,64,64
vb,24,1.4208156532711453,0.28180938959121704,64,64
vb,25,1.4029625181167844,0.28771042823791504,64,64
vb,26,1.381582118216015,0.3008151054382324,64,64
vb,27,1.3649533703213645,0.30764371156692505,64,64
vb,28,1.3487600788237557,0.31508415937423706,64,64
vb,29,1.3318321250733876,0.3233732581138611,64,64
vb,30,1.3169604293883792,0.32907694578170776,64,64
vb,31,1.3037278841412256,0.33620160818099976,64,64
vb,32,1.2885783759374467,0.34176716208457947,64,64
vb,33,1.2751314110226102,0.3465629816055298,64,64
vb,34,1.2612173273449852,0.35129961371421814,64,64
vb,35,1.2483407996949696,0.3564901649951935,64,64
vb,36,1.2358125959123885,0.36215436458587646,64,64
vb,37,1.2262415848081074,0.3665357530117035,64,64
vb,38,1.2111846303182936,0.3701868951320648,64,64
vb,39,1.198433726552933,0.37798258662223816,64,64
vb,40,1.1858757469389174,0.37814047932624817,64,64
vb,41,1.175303894375998,0.3867848217487335,64,64
vb,42,1.1619264606445554,0.3904162347316742,64,64
vb,43,1.1503575813202631,0.3963567316532135,64,64
vb,44,1.1396520894671243,0.40419191122055054,64,64
vb,45,1.1284316040220714,0.4059878885746002,64,64
vb,46,1.1178491929220775,0.4123428463935852,64,64
vb,47,1.1064850867740692,0.4176320731639862,64,64
vb,48,1.096894207454863,0.42205291986465454,64,64
vb,49,1.0868901317081754,0.4266711473464966,64,64
vb,50,1.0765717237714738,0.4320393204689026,64,64
vb,51,1.0697114959595695,0.43559178709983826,64,64
vb,52,1.0588946474923029,0.4363417327404022,64,64
vb,53,1.0494831176031203,0.44153228402137756,64,64
vb,54,1.0404898514823309,0.44372299313545227,64,64
vb,55,1.0345424981344313,0.4508279263973236,64,64
vb,56,1.0263732860958765,0.4520515501499176,64,64
vb,57,1.0184214644961886,0.4527817666530609,64,64
vb,58,1.009113459360032,0.46160373091697693,64,64
vb,59,1.0021244949764676,0.45951172709465027,64,64
vb,60,0.9945136857411218,0.4682547450065613,64,64
vb,61,0.9894486230517191,0.4696362614631653,64,64
vb,62,0.9800664091867114,0.47261640429496765,64,64
vb,63,0.9724753167894151,0.477037250995636,64,64
vb,64,0.9663749592644828,0.4796029031276703,64,64
vb,65,0.959672282612513,0.4841421842575073,64,64
vb,66,0.9526704048353528,0.48820778727531433,64,64
vb,67,0.9461484400052873,0.48982611298561096,64,64
vb,68,0.940138368379502,0.4956284761428833,64,64
vb,69,0.9339627481642223,0.496595561504364,64,64
vb,70,0.928458105004023,0.5002861618995667,64,64
vb,71,0.9237510249728248,0.5023584365844727,64,64
vb,72,0.9175777019016327,0.504845142364502,64,64
vb,73,0.9122503589070032,0.5043715238571167,64,64
vb,74,0.9058652293114435,0.5108843445777893,64,64
vb,75,0.9007855436158558,0.5084173679351807,64,64
vb,76,0.895285515558152,0.5143776535987854,64,64
vb,77,0.8895473177470858,0.5154433846473694,64,64
vb,78,0.8847757256220258,0.5171011686325073,64,64
vb,79,0.8790467097645714,0.5196273922920227,64,64
vb,80,0.8740097757369752,0.5233179926872253,64,64
vb,81,0.8687537700410873,0.5251337289810181,64,64
vb,82,0.8634820750781468,0.5271270275115967,64,64
vb,83,0.8594744716371808,0.5294361710548401,64,64
vb,84,0.8573234365099952,0.5315084457397461,64,64
vb,85,0.849578615218874,0.5331070423126221,64,64
vb,86,0.8454284895034063,0.5336399078369141,64,64
vb,87,0.8399653415831309,0.5367581844329834,64,64
vb,88,0.8355466770747352,0.5398172736167908,64,64
vb,89,0.830484894533006,0.540981650352478,64,64
vb,90,0.8265449527710204,0.5468235015869141,64,64
vb,91,0.822127173817347,0.5442972779273987,64,64
vb,92,0.8200287251245408,0.5474550724029541,64,64
vb,93,0.816321729667603,0.5470011234283447,64,64
vb,94,0.8103550133251008,0.5488168001174927,64,64
vb,95,0.8065995687530154,0.5506128072738647,64,64
vb,96,0.8029493074568491,0.5499812364578247,64,64
vb,97,0.7972070763981531,0.555546760559082,64,64
vb,98,0.7930091231588333,0.5560994148254395,64,64
vb,99,0.7883394228087531,0.5600860714912415,64,64
vb,100,0.7822068570152162,0.5609346628189087,64,64
vb,101,0.7788750784737724,0.5637569427490234,64,64
vb,102,0.7756788768465557,0.5657305121421814,64,64
vb,103,0.7702522533280509,0.5666778683662415,64,64
vb,104,0.7668160360956949,0.5719473361968994,64,64
vb,105,0.7632244636142065,0.5703684687614441,64,64
vb,106,0.7590748100053697,0.5724012851715088,64,64
vb,107,0.7542579845776634,0.5778089165687561,64,64
vb,108,0.7511851380741785,0.5758155584335327,64,64
vb,109,0.7472780280643039,0.5812232494354248,64,64
vb,110,0.7432034517091418,0.5829007625579834,64,64
vb,111,0.7380035207385108,0.5834928750991821,64,64
vb,112,0.7354539699024625,0.5853677988052368,64,64
vb,113,0.7313765296860347,0.5880321264266968,64,64
vb,114,0.7295078181085133,0.5898280739784241,64,64
vb,115,0.7272314221139938,0.5915253758430481,64,64
vb,116,0.7220783053882538,0.5914661884307861,64,64
vb,117,0.7195579825885712,0.5949594378471375,64,64
vb,118,0.7152045425914583,0.5940318703651428,64,64
vb,119,0.7120355859635368,0.5990645289421082,64,64
vb,120,0.7081327286977617,0.6010380983352661,64,64
vb,121,0.7041519397781009,0.5991434454917908,64,64
vb,122,0.7009278772369264,0.6040577292442322,64,64
vb,123,0.6984176711430625,0.6037616729736328,64,64
vb,124,0.6960424601085602,0.6067812442779541,64,64
vb,125,0.6936103767818875,0.6047089695930481,64,64
vb,126,0.6892492080491687,0.6078864932060242,64,64
vb,127,0.6877902840811109,0.6096429824829102,64,64
vb,128,0.6856612780737499,0.6088140606880188,64,64
vb,129,0.6834676861763,0.6145572066307068,64,64
vb,130,0.6766149619268993,0.6061102151870728,64,64
vb,131,0.6759980264164153,0.6165111064910889,64,64
vb,132,0.6717128308992537,0.6122678518295288,64,64
vb,133,0.6693845296662951,0.6168663501739502,64,64
vb,134,0.6641137694555616,0.6186228394508362,64,64
vb,135,0.6608929274574159,0.6202017068862915,64,64
vb,136,0.659452842341529,0.6221555471420288,64,64
vb,137,0.6567609631826007,0.6240896582603455,64,64
vb,138,0.6523266680656917,0.6237146854400635,64,64
vb,139,0.6508990582965669,0.6274448037147522,64,64
vb,140,0.6466890942482721,0.6253132820129395,64,64
vb,141,0.6437400938972594,0.6292210221290588,64,64
vb,142,0.6421289273670742,0.6282737255096436,64,64
vb,143,0.6381479161126273,0.6321814060211182,64,64
vb,144,0.6357991212890262,0.6325958371162415,64,64
vb,145,0.6333020121332199,0.6344904899597168,64,64
vb,146,0.6298557188775804,0.6356549263000488,64,64
vb,147,0.6275984947643583,0.6370167136192322,64,64
vb,148,0.6263750488795932,0.6373127698898315,64,64
vb,149,0.6268017083879501,0.6395231485366821,64,64
vb,150,0.6223064490727016,0.6403915882110596,64,64
vb,151,0.6189804228525313,0.6416152119636536,64,64
vb,152,0.6173684265878465,0.6426414847373962,64,64
vb,153,0.6133824198965042,0.6402731537818909,64,64
vb,154,0.6123615862831236,0.6462136507034302,64,64
vb,155,0.6108204050669594,0.6422072649002075,64,64
vb,156,0.6091583077869718,0.6485227346420288,64,64
vb,157,0.6067193169442434,0.6483253836631775,64,64
vb,158,0.6063722249061342,0.6481674909591675,64,64
vb,159,0.6006744229604327,0.6503779292106628,64,64
vb,160,0.5991183415291801,0.6483649015426636,64,64
vb,161,0.5971336582350353,0.6539896130561829,64,64
vb,162,0.5947355202266148,0.6516410708427429,64,64
vb,163,0.5932558131596398,0.6549566984176636,64,64
vb,164,0.589391032854716,0.6551737785339355,64,64
vb,165,0.5875245096191527,0.6568513512611389,64,64
vb,166,0.5841750483664255,0.6571670770645142,64,64
vb,167,0.5833954811096191,0.6585288643836975,64,64
vb,168,0.582699025434161,0.6605419516563416,64,64
vb,169,0.5804869371747213,0.6611735224723816,64,64
vb,170,0.5782322779534355,0.6612524390220642,64,64
vb,171,0.5761822386393471,0.6619431972503662,64,64
vb,172,0.5744627997988746,0.6650417447090149,64,64
vb,173,0.5710722993290613,0.6604432463645935,64,64
vb,174,0.5705505495979672,0.6673113703727722,64,64
vb,175,0.5671085961281307,0.6666008830070496,64,64
vb,176,0.5643187108493987,0.6694033741950989,64,64
vb,177,0.562058705186087,0.6700546741485596,64,64
vb,178,0.5614265704911853,0.6709230542182922,64,64
vb,179,0.5587887574755956,0.6737452745437622,64,64
vb,180,0.5574672222137451,0.6740216016769409,64,64
vb,181,0.55446705080214,0.6729361414909363,64,64
vb,182,0.5527099739937555,0.6772582530975342,64,64
vb,183,0.55035723674865,0.6736860871315002,64,64
vb,184,0.5488860663913545,0.6783240437507629,64,64
vb,185,0.54774376513466,0.6776135563850403,64,64
vb,186,0.5461876714040362,0.6785805821418762,64,64
vb,187,0.5466399571252247,0.6783043146133423,64,64
vb,188,0.5431426621618725,0.6797844767570496,64,64
vb,189,0.5470837610108512,0.6822909712791443,64,64
vb,190,0.5394809898876008,0.6776924729347229,64,64
vb,191,0.5381891093556843,0.685073733329773,64,64
vb,192,0.5374016856390332,0.6816791296005249,64,64
vb,193,0.5354867643780179,0.6855276226997375,64,64
vb,194,0.5318766557981097,0.6842448115348816,64,64
vb,195,0.5310157319856068,0.6871854662895203,64,64
vb,196,0.5288767142901345,0.6876196265220642,64,64
vb,197,0.526635277838934,0.6874222755432129,64,64
vb,198,0.5263239079051547,0.6903629302978516,64,64
vb,199,0.5231603440784273,0.689751148223877,64,64
vb,200,0.5227340781499469,0.6920799612998962,64,64
vb,201,0.5204114469270857,0.6897708773612976,64,64
vb,202,0.5212763945261637,0.6928299069404602,64,64
vb,203,0.5187394760903858,0.6891195774078369,64,64
vb,204,0.5159276553562709,0.6934812068939209,64,64
vb,205,0.5143516631353469,0.6950008869171143,64,64
vb,206,0.5126332820407928,0.6952969431877136,64,64
vb,207,0.5110874545006525,0.6969152688980103,64,64
vb,208,0.5110455013456798,0.6972310543060303,64,64
vb,209,0.509491020724887,0.6986914873123169,64,64
vb,210,0.5079167731224544,0.697033703327179,64,64
vb,211,0.5090699110712323,0.7008821964263916,64,64
vb,212,0.5033695527485439,0.6953166723251343,64,64
vb,213,0.5058166479307508,0.7032307982444763,64,64
vb,214,0.5043552167831905,0.698948085308075,64,64
vb,215,0.5011262023259723,0.7028360366821289,64,64
vb,216,0.49998541909550864,0.6982178688049316,64,64
vb,217,0.4969258677391779,0.7050662040710449,64,64
vb,218,0.4981149728336031,0.7015729546546936,64,64
vb,219,0.4952770604027642,0.7070990204811096,64,64
vb,220,0.493012882887371,0.7067832350730896,64,64
vb,221,0.49101229508717853,0.7044149041175842,64,64
vb,222,0.48991906359082177,0.7076713442802429,64,64
vb,223,0.48779722007494125,0.7075331807136536,64,64
vb,224,0.48676653088085237,0.7086778879165649,64,64
vb,225,0.4883569393839155,0.7097238898277283,64,64
vb,226,0.48403905308435835,0.711539626121521,64,64
vb,227,0.4832005850852482,0.7085002660751343,64,64
vb,228,0.48899365133709377,0.7117961645126343,64,64
vb,229,0.48146448532740277,0.707079291343689,64,64
vb,230,0.4801020461415488,0.7134737372398376,64,64
vb,231,0.4779673351181878,0.7078489661216736,64,64
vb,232,0.4788164524804978,0.7153091430664062,64,64
vb,233,0.47543264665300883,0.7128816246986389,64,64
vb,234,0.47432179157696075,0.7159999012947083,64,64
vb,235,0.47747737642318483,0.7152302265167236,64,64
vb,236,0.4758566367247748,0.7158617973327637,64,64
vb,237,0.4731826020611657,0.7182695269584656,64,64
vb,238,0.4710729420185089,0.714677631855011,64,64
vb,239,0.4703373700853378,0.7192760705947876,64,64
vb,240,0.46955636853263494,0.7173814177513123,64,64
vb,241,0.4694778162335593,0.7203023433685303,64,64
vb,242,0.46832150173565695,0.7206773161888123,64,64
vb,243,0.46571276159513564,0.7184471487998962,64,64
vb,244,0.4648393766274528,0.722335159778595,64,64
vb,245,0.4638999596474663,0.721960186958313,64,64
vb,246,0.46083348894876147,0.7224338054656982,64,64
vb,247,0.4605194793807136,0.7216246724128723,64,64
vb,248,0.4611496925354004,0.7208746671676636,64,64
vb,249,0.4593545321434263,0.7233614325523376,64,64
vb,250,0.45756792265271384,0.7239732146263123,64,64
vb,251,0.45491828284566366,0.725473165512085,64,64
vb,252,0.45370475640372626,0.7252166271209717,64,64
vb,253,0.45183441326731727,0.7258086800575256,64,64
vb,254,0.45054630958844744,0.7281374931335449,64,64
vb,255,0.45062326959201265,0.7287493348121643,64,64
vb,256,0.4476385357834044,0.7297361493110657,64,64
vb,257,0.44624076618088615,0.7292624711990356,64,64
vb,258,0.44589035283951534,0.7308216094970703,64,64
vb,259,0.4439960954681275,0.7297361493110657,64,64
vb,260,0.4432762544306498,0.731630802154541,64,64
vb,261,0.4463795697878277,0.7331701517105103,64,64
vb,262,0.4415686641420637,0.7286506295204163,64,64
vb,263,0.4424534184592111,0.7344727516174316,64,64
vb,264,0.4389195730761876,0.7297558784484863,64,64
vb,265,0.43873691606143167,0.7356371879577637,64,64
vb,266,0.4380195566586086,0.7352424263954163,64,64
vb,267,0.43623285965313985,0.7339990735054016,64,64
vb,268,0.43512364323177033,0.735617458820343,64,64
vb,269,0.43440620009861297,0.7353411316871643,64,64
vb,270,0.43191773172408815,0.7351832389831543,64,64
vb,271,0.43170687225129867,0.738755464553833,64,64
vb,272,0.43196192289155627,0.737906813621521,64,64
vb,273,0.4291908357824598,0.734985888004303,64,64
vb,274,0.42959063109897433,0.741360604763031,64,64
vb,275,0.42685688015014406,0.7381041646003723,64,64
vb,276,0.42651190738829353,0.7383212447166443,64,64
vb,277,0.42963687815363444,0.740294873714447,64,64
vb,278,0.42498881996624055,0.741735577583313,64,64
vb,279,0.42675099722922794,0.738597571849823,64,64
vb,280,0.4220545017530048,0.7432552576065063,64,64
vb,281,0.4212923754775335,0.7390909790992737,64,64
vb,282,0.4197845354912773,0.7430381774902344,64,64
vb,283,0.42093577791774084,0.7428604960441589,64,64
vb,284,0.4198615257702177,0.744182825088501,64,64
vb,285,0.4225919837989504,0.7457419633865356,64,64
vb,286,0.4166677665142786,0.7414000630378723,64,64
vb,287,0.41890037816668313,0.746412992477417,64,64
vb,288,0.4199123661669474,0.7446959614753723,64,64
vb,289,0.4169488799950433,0.7430776357650757,64,64
vb,290,0.415003534347292,0.7472813725471497,64,64
vb,291,0.41381852163208854,0.7458998560905457,64,64
vb,292,0.41804859657136223,0.7473011016845703,64,64
vb,293,0.4135369194878472,0.7487418055534363,64,64
vb,294,0.41148480536445736,0.744281530380249,64,64
vb,295,0.41057179560737006,0.7480905652046204,64,64
vb,296,0.40901216911891153,0.7500444054603577,64,64
vb,297,0.40799131374510506,0.7482484579086304,64,64
vb,298,0.40709593182518367,0.750498354434967,64,64
vb,299,0.4069476742593069,0.7526692748069763,64,64
vb,300,0.40369418263435364,0.7507943511009216,64,64
vb,301,0.4027341864411793,0.753537654876709,64,64
vb,302,0.40176013490510365,0.752096951007843,64,64
vb,303,0.4011260488676646,0.753952145576477,64,64
vb,304,0.40034718267501346,0.751939058303833,64,64
vb,305,0.4002612668370444,0.753695547580719,64,64
vb,306,0.4001828143520961,0.7544060349464417,64,64
vb,307,0.39824267559581333,0.7546823620796204,64,64
vb,308,0.39918971298232914,0.7514851093292236,64,64
vb,309,0.3978473335977585,0.756142795085907,64,64
vb,310,0.39675675025061957,0.7550967931747437,64,64
vb,311,0.3947288370321667,0.755333662033081,64,64
vb,312,0.39465708439312286,0.7554717659950256,64,64
vb,313,0.3941510253482395,0.757780909538269,64,64
vb,314,0.3922032969338553,0.7596755623817444,64,64
vb,315,0.39341128723961966,0.757307231426239,64,64
vb,316,0.3921508306548709,0.756241500377655,64,64
vb,317,0.39132915366263615,0.7608399391174316,64,64
vb,318,0.3896632355356973,0.7538139820098877,64,64
vb,319,0.3919519961826385,0.762576699256897,64,64
vb,320,0.3888633544482882,0.7598926424980164,64,64
vb,321,0.3875726234345209,0.7621622681617737,64,64
vb,322,0.38532026466869174,0.762833297252655,64,64
vb,323,0.38781700578946915,0.7624385952949524,64,64
vb,324,0.38515467823497834,0.7631885409355164,64,64
vb,325,0.38398961036924334,0.7621819972991943,64,64
vb,326,0.38358864708552287,0.764431893825531,64,64
vb,327,0.3824464910560184,0.7628135681152344,64,64
vb,328,0.38189122790382024,0.7638595700263977,64,64
vb,329,0.3808606465657552,0.766287088394165,64,64
vb,330,0.38045552609458805,0.7643332481384277,64,64
vb,331,0.379111310319295,0.766977846622467,64,64
vb,332,0.37830614239450483,0.7651621103286743,64,64
vb,333,0.3775265363473741,0.7657147645950317,64,64
vb,334,0.37645842063994633,0.7673725485801697,64,64
vb,335,0.3747476273112827,0.7658528685569763,64,64
vb,336,0.3762021211404649,0.7682211995124817,64,64
vb,337,0.3745491911494543,0.7664252519607544,64,64
vb,338,0.3730875319904751,0.7669185996055603,64,64
vb,339,0.3742987627074832,0.7684975266456604,64,64
vb,340,0.372472864294809,0.7688724994659424,64,64
vb,341,0.3717610041300456,0.767885684967041,64,64
vb,342,0.3698915101232983,0.768793523311615,64,64
vb,343,0.3729875504024445,0.770648717880249,64,64
vb,344,0.36971115451010444,0.7701355814933777,64,64
vb,345,0.3683851266664172,0.767786979675293,64,64
vb,346,0.3681603707964458,0.7717539072036743,64,64
vb,347,0.36696404880947536,0.7697211503982544,64,64
vb,348,0.3665708852192712,0.7716749906539917,64,64
vb,349,0.36700260639190674,0.7718526124954224,64,64
vb,350,0.36892773896928815,0.7710829377174377,64,64
vb,351,0.3652250132863484,0.7679843902587891,64,64
vb,352,0.36442320545514423,0.7740630507469177,64,64
vb,353,0.36477933421967523,0.7704710960388184,64,64
vb,354,0.3631350416985769,0.774951159954071,64,64
vb,355,0.36186452990486506,0.7736880779266357,64,64
vb,356,0.362034435310061,0.774319589138031,64,64
vb,357,0.361469021392247,0.7748327255249023,64,64
vb,358,0.35875301181323943,0.7766287326812744,64,64
vb,359,0.35880514127867563,0.7745564579963684,64,64
vb,360,0.36103015097360763,0.7769050002098083,64,64
vb,361,0.35956721835666233,0.7777339220046997,64,64
vb,362,0.3591642389221797,0.7732933163642883,64,64
vb,363,0.3581649197472466,0.777773380279541,64,64
vb,364,0.356200273074801,0.775858998298645,64,64
vb,365,0.36066664211333743,0.7782273292541504,64,64
vb,366,0.35806835549218313,0.7779115438461304,64,64
vb,367,0.3552836127697475,0.7741222381591797,64,64
vb,368,0.35857338753957596,0.7799838185310364,64,64
vb,369,0.3548893810264648,0.775168240070343,64,64
vb,370,0.35420173311990405,0.7792733311653137,64,64
vb,371,0.3578328319958278,0.7781088948249817,64,64
vb,372,0.3543373772076198,0.7783852219581604,64,64
vb,373,0.3554763155324118,0.7764115929603577,64,64
vb,374,0.3572038222873022,0.7787010073661804,64,64
vb,375,0.3515862945526365,0.772563099861145,64,64
vb,376,0.3509520150366284,0.7815626859664917,64,64
vb,377,0.3505359074426076,0.7804179787635803,64,64
vb,378,0.34943154123094344,0.7808916568756104,64,64
vb,379,0.3484762514394427,0.7808324694633484,64,64
vb,380,0.3479956809490446,0.782825767993927,64,64
vb,381,0.3453880250453949,0.7824705243110657,64,64
vb,382,0.34468672341770595,0.783674418926239,64,64
vb,383,0.3458859073737311,0.7847599387168884,64,64
vb,384,0.3447627671181209,0.7847006916999817,64,64
vb,385,0.3431115088954804,0.7827468514442444,64,64
vb,386,0.3428520257510836,0.7856085300445557,64,64
vb,387,0.3417036925989484,0.7859243154525757,64,64
vb,388,0.3416395991567581,0.7810298204421997,64,64
vb,389,0.3410139192664434,0.7865756154060364,64,64
vb,390,0.341181028456915,0.7854704260826111,64,64
vb,391,0.33916650073868887,0.7845427989959717,64,64
vb,392,0.33793085009332685,0.7870492935180664,64,64
vb,393,0.3400651088782719,0.7869308590888977,64,64
vb,394,0.336705019549718,0.7865164279937744,64,64
vb,395,0.3370894818078904,0.7885887026786804,64,64
vb,396,0.33531249988646733,0.7881544828414917,64,64
vb,397,0.33753790694569785,0.7884308099746704,64,64
vb,398,0.34007073205614846,0.7868716716766357,64,64
vb,399,0.33534247723836746,0.7893189191818237,64,64
vb,400,0.3371063768863678,0.7869900465011597,64,64
vb,401,0.3355214619447315,0.7869308590888977,64,64
vb,402,0.33526339086275253,0.7884505391120911,64,64
vb,403,0.33479998792920795,0.7884308099746704,64,64
vb,404,0.33409165106122457,0.7903254628181458,64,64
vb,405,0.3330481208506085,0.7908583283424377,64,64
vb,406,0.33527312108448576,0.7873255610466003,64,64
vb,407,0.3357353877453577,0.7911345958709717,64,64
vb,408,0.3392897044855451,0.7853519916534424,64,64
vb,409,0.3343577725546701,0.7903649210929871,64,64
vb,410,0.33400346409706844,0.789417564868927,64,64
vb,411,0.3319713061764127,0.7907201647758484,64,64
vb,412,0.32989308190724204,0.7936805486679077,64,64
vb,413,0.3277478175503867,0.7907793521881104,64,64
vb,414,0.32901531978259013,0.7924371957778931,64,64
vb,415,0.3283696496297443,0.7942923903465271,64,64
vb,416,0.3258935846979656,0.7925556302070618,64,64
vb,417,0.326997370946975,0.7937595248222351,64,64
vb,418,0.3256979991519262,0.7938581705093384,64,64
vb,419,0.3253729456946963,0.7946870923042297,64,64
vb,420,0.3247911007631393,0.7958317399024963,64,64
vb,421,0.32383589328281465,0.7940752506256104,64,64
vb,422,0.32177783288652934,0.7941147685050964,64,64
vb,423,0.3225570704255785,0.7964238524436951,64,64
vb,424,0.32117227287519545,0.7958515286445618,64,64
vb,425,0.32047985233957804,0.7968382835388184,64,64
vb,426,0.32122479071692817,0.7971540689468384,64,64
vb,427,0.3189430298313262,0.7983382344245911,64,64
vb,428,0.32052719356521725,0.7965817451477051,64,64
vb,429,0.32034709860408117,0.7984566688537598,64,64
vb,430,0.3189862711088998,0.7972725033760071,64,64
vb,431,0.3187482040079813,0.798397421836853,64,64
vb,432,0.3189933484508878,0.7982593178749084,64,64
vb,433,0.31959003020846655,0.7992855310440063,64,64
vb,434,0.31946464332323227,0.7996802926063538,64,64
vb,435,0.317959709772988,0.7982987761497498,64,64
vb,436,0.31970027704087517,0.7984566688537598,64,64
vb,437,0.31780658118308536,0.7943515777587891,64,64
vb,438,0.3183578531893473,0.8011407256126404,64,64
vb,439,0.31944186110345146,0.7991671562194824,64,64
vb,440,0.31497643296680755,0.8010618090629578,64,64
vb,441,0.3156951509770893,0.7991474270820618,64,64
vb,442,0.3131501040761433,0.802009105682373,64,64
vb,443,0.3148982136968582,0.7994434237480164,64,64
vb,444,0.3159677102452233,0.8007065653800964,64,64
vb,445,0.31836746940537103,0.7986934781074524,64,64
vb,446,0.3172374372444456,0.7981014251708984,64,64
vb,447,0.3155677578752003,0.8015946745872498,64,64
vb,448,0.3150626208101,0.8007657527923584,64,64
vb,449,0.3134485606163267,0.8018906712532043,64,64
vb,450,0.31245754398996867,0.8027195930480957,64,64
vb,451,0.312601548811746,0.8018906712532043,64,64
vb,452,0.31287327456095865,0.8026209473609924,64,64
vb,453,0.3109267150598859,0.8017328381538391,64,64
vb,454,0.31213489174842834,0.8051273822784424,64,64
vb,455,0.31099503570132786,0.803923487663269,64,64
vb,456,0.3100357661171565,0.8037261366844177,64,64
vb,457,0.3086603581905365,0.8035287857055664,64,64
vb,458,0.31069064660677836,0.804298460483551,64,64
vb,459,0.3089123671016996,0.8034695982933044,64,64
vb,460,0.3078129736203996,0.8053247332572937,64,64
vb,461,0.30799388223224217,0.8053444623947144,64,64
vb,462,0.30793944001197815,0.8037064075469971,64,64
vb,463,0.3077893876840198,0.8061536550521851,64,64
vb,464,0.30626909789584933,0.8058181405067444,64,64
vb,465,0.30560750431484646,0.8065681457519531,64,64
vb,466,0.3066079555049775,0.8064694404602051,64,64
vb,467,0.30602255889347624,0.8078312277793884,64,64
vb,468,0.3053450906087482,0.8077719807624817,64,64
vb,469,0.3049018070811317,0.8070812225341797,64,64
vb,470,0.3051907680337391,0.8086996078491211,64,64
vb,471,0.30536938423202153,0.8075351715087891,64,64
vb,472,0.30157089611840626,0.809291660785675,64,64
vb,473,0.30322619894194225,0.8078904151916504,64,64
vb,474,0.3026224180819496,0.8083640933036804,64,64
vb,475,0.30386028734464493,0.8087982535362244,64,64
vb,476,0.30125511354870266,0.8075154423713684,64,64
vb,477,0.30117111026294646,0.8100218772888184,64,64
vb,478,0.3013539820436447,0.8086996078491211,64,64
vb,479,0.29981433635666255,0.8094692826271057,64,64
vb,480,0.299754599257121,0.809508740901947,64,64
vb,481,0.3004325420137436,0.8108310699462891,64,64
vb,482,0.3010334467130994,0.8098442554473877,64,64
vb,483,0.29789058225495474,0.8096271753311157,64,64
vb,484,0.29800852045180304,0.8114231824874878,64,64
vb,485,0.30086098918839105,0.8100613951683044,64,64
vb,486,0.2996375792556339,0.8107126355171204,64,64
vb,487,0.2968339830163925,0.8130217790603638,64,64
vb,488,0.2971821782134828,0.8088180422782898,64,64
vb,489,0.29796985785166424,0.8119560480117798,64,64
vb,490,0.2965801169001867,0.8101600408554077,64,64
vb,491,0.29669243191915845,0.8114429116249084,64,64
vb,492,0.2967516202775259,0.811738908290863,64,64
vb,493,0.29341966434130595,0.8136138319969177,64,64
vb,494,0.2954007581112877,0.8113244771957397,64,64
vb,495,0.295393091818643,0.8131994009017944,64,64
vb,496,0.2961360826378777,0.8131006956100464,64,64
vb,497,0.294169536185643,0.8119560480117798,64,64
vb,498,0.29330713029891725,0.8135151863098145,64,64
vb,499,0.2951563662952847,0.8134362101554871,64,64
vb,500,0.29429058233896893,0.8132191300392151,64,64
vb,501,0.29313846050746856,0.815034806728363,64,64
vb,502,0.29246740681784494,0.8131994009017944,64,64
vb,503,0.29200246551680187,0.8137519955635071,64,64
vb,504,0.29297603643129744,0.8140875101089478,64,64
vb,505,0.29163394986637053,0.8152322173118591,64,64
vb,506,0.2917611660465362,0.8157058358192444,64,64
vb,507,0.289949488545221,0.8138309121131897,64,64
vb,508,0.2899967488788423,0.8158637285232544,64,64
vb,509,0.28984375794728595,0.8164361119270325,64,64
vb,510,0.28851752385260565,0.8158439993858337,64,64
vb,511,0.2893709549828181,0.817107081413269,64,64
vb,512,0.28665744312225827,0.8141466975212097,64,64
vb,513,0.28708331168644013,0.8175413012504578,64,64
vb,514,0.28558512150295196,0.8183504939079285,64,64
vb,515,0.28871737680737936,0.8167518377304077,64,64
vb,516,0.2888541647366115,0.8178373575210571,64,64
vb,517,0.2860225931046501,0.8167321085929871,64,64
vb,518,0.28690934275823926,0.8164952993392944,64,64
vb,519,0.29274427654251217,0.8185083270072937,64,64
vb,520,0.2901889681816101,0.814501941204071,64,64
vb,521,0.2872797009490785,0.8171465992927551,64,64
vb,522,0.2866887284649743,0.8152519464492798,64,64
vb,523,0.287682149618391,0.8187057375907898,64,64
vb,524,0.2860914818824284,0.8175215721130371,64,64
cdr3a,1,0.5417142678227809,0.43966126441955566,64,64
cdr3a,2,0.28406717218840605,0.6788108944892883,64,64
cdr3a,3,0.230031637976072,0.7247706651687622,64,64
cdr3a,4,0.19335482520334998,0.7755822539329529,64,64
cdr3a,5,0.16590401700858728,0.8168666362762451,64,64
cdr3a,6,0.1498608490215161,0.83909672498703,64,64
cdr3a,7,0.1390011026097189,0.855239987373352,64,64
cdr3a,8,0.1305525237587698,0.8649435639381409,64,64
cdr3a,9,0.12239359145239054,0.8734121322631836,64,64
cdr3a,10,0.11634918991847694,0.8785285949707031,64,64
cdr3a,11,0.11176195641673468,0.8857622146606445,64,64
cdr3a,12,0.10744503534520197,0.88629150390625,64,64
cdr3a,13,0.10180467369782574,0.895112931728363,64,64
cdr3a,14,0.09815401445127298,0.8945836424827576,64,64
cdr3a,15,0.09484124518596303,0.9047282934188843,64,64
cdr3a,16,0.09160719417423419,0.9070218801498413,64,64
cdr3a,17,0.08952421814710998,0.9091390371322632,64,64
cdr3a,18,0.08719180819751868,0.9115208387374878,64,64
cdr3a,19,0.08443711197971816,0.9146965742111206,64,64
cdr3a,20,0.08307326275435666,0.9187544584274292,64,64
cdr3a,21,0.08046576896897382,0.9148730039596558,64,64
cdr3a,22,0.07862531077634635,0.9223712086677551,64,64
cdr3a,23,0.0773321910303001,0.917960524559021,64,64
cdr3a,24,0.07566199372338514,0.92510586977005,64,64
cdr3a,25,0.07445708713416108,0.9232533574104309,64,64
cdr3a,26,0.0728155938215536,0.9310162663459778,64,64
cdr3a,27,0.07266085712395862,0.9317219853401184,64,64
cdr3a,28,0.07098473311056626,0.9305751919746399,64,64
cdr3a,29,0.06990333219247437,0.9260762333869934,64,64
cdr3a,30,0.06900920929622302,0.9344566464424133,64,64
cdr3a,31,0.06774215405695544,0.9341920018196106,64,64
cdr3a,32,0.06737121440868038,0.9363973140716553,64,64
cdr3a,33,0.06636071904017363,0.9356033802032471,64,64
cdr3a,34,0.06539101108110454,0.9396612644195557,64,64
cdr3a,35,0.06465649786177101,0.9391319751739502,64,64
cdr3a,36,0.0638209788160819,0.9373676776885986,64,64
cdr3a,37,0.06318813854955187,0.9442484378814697,64,64
cdr3a,38,0.06245952992282691,0.9415137767791748,64,64
cdr3a,39,0.060929939370129374,0.9419548511505127,64,64
cdr3a,40,0.06048765392289095,0.9370148181915283,64,64
cdr3a,41,0.060752310592251293,0.9428369998931885,64,64
cdr3a,42,0.05960587943891034,0.9424841403961182,64,64
cdr3a,43,0.05839044341457714,0.9464538097381592,64,64
cdr3a,44,0.05899033200084751,0.9432780742645264,64,64
cdr3a,45,0.05814302698027777,0.9465420246124268,64,64
cdr3a,46,0.05731696104429135,0.9438073635101318,64,64
cdr3a,47,0.057193129251942657,0.952187716960907,64,64
cdr3a,48,0.05631238348025962,0.9498059749603271,64,64
cdr3a,49,0.05557015792863832,0.9468948841094971,64,64
cdr3a,50,0.055438734464009425,0.9499824047088623,64,64
cdr3a,51,0.05490597006464739,0.9519230723381042,64,64
cdr3a,52,0.054241118053762596,0.9510409235954285,64,64
cdr3a,53,0.05353944893027289,0.9535991549491882,64,64
cdr3a,54,0.05308451004736959,0.9494531154632568,64,64
cdr3a,55,0.0530972618172756,0.9534227252006531,64,64
cdr3a,56,0.05245621192473615,0.9532462954521179,64,64
cdr3a,57,0.05194556159233868,0.956157386302948,64,64
cdr3a,58,0.051383027747729744,0.9564220309257507,64,64
cdr3a,59,0.0513970057604012,0.9527170062065125,64,64
cdr3a,60,0.051142041884374344,0.9559809565544128,64,64
cdr3a,61,0.05058367977674309,0.9575688242912292,64,64
cdr3a,62,0.05030936729062805,0.9593331217765808,64,64
cdr3a,63,0.04988547696105297,0.9551870226860046,64,64
cdr3a,64,0.050106065285955265,0.9557163119316101,64,64
cdr3a,65,0.04923466054441256,0.9553634524345398,64,64
cdr3a,66,0.048884386627853285,0.9557163119316101,64,64
cdr3a,67,0.04862144200721277,0.9599506258964539,64,64
cdr3a,68,0.0484051419062182,0.9600388407707214,64,64
cdr3a,69,0.048147149452862886,0.956774890422821,64,64
cdr3a,70,0.04808892426721189,0.9614502787590027,64,64
cdr3a,71,0.04790039153859087,0.9588920474052429,64,64
cdr3a,72,0.047505772590172975,0.9597741961479187,64,64
cdr3a,73,0.047430750877210215,0.9541284441947937,64,64
cdr3a,74,0.046961225231376455,0.9586274027824402,64,64
cdr3a,75,0.04627266125229056,0.9621559977531433,64,64
cdr3a,76,0.04650443786636236,0.9618913531303406,64,64
cdr3a,77,0.04593241179301576,0.9615384936332703,64,64
cdr3a,78,0.04558990255013818,0.9614502787590027,64,64
cdr3a,79,0.04585333549404072,0.9638320803642273,64,64
cdr3a,80,0.04491180861443791,0.9622442126274109,64,64
cdr3a,81,0.04510091682840196,0.960127055644989,64,64
cdr3a,82,0.044597661363463714,0.9632145762443542,64,64
cdr3a,83,0.044578641945763664,0.9627735018730164,64,64
cdr3a,84,0.04430752406879016,0.9622442126274109,64,64
cdr3a,85,0.04452624166988331,0.9619795680046082,64,64
cdr3a,86,0.04382952613829348,0.9632145762443542,64,64
cdr3a,87,0.04367383639961171,0.9625088572502136,64,64
cdr3a,88,0.044008487775738334,0.9623324275016785,64,64
cdr3a,89,0.04374822631598846,0.9606563448905945,64,64
cdr3a,90,0.0433545510033662,0.9653317332267761,64,64
cdr3a,91,0.043233612165757614,0.9622442126274109,64,64
cdr3a,92,0.043324631605124134,0.9647142291069031,64,64
cdr3a,93,0.04279142781235547,0.9644495844841003,64,64
cdr3a,94,0.04254393543547949,0.9591566920280457,64,64
cdr3a,95,0.04260819040536103,0.9611856341362,64,64
cdr3a,96,0.042264443501879495,0.961803138256073,64,64
cdr3a,97,0.04224078218245069,0.9642731547355652,64,64
cdr3a,98,0.042082908581853706,0.9650670886039734,64,64
cdr3a,99,0.04212436153138636,0.9663020372390747,64,64
cdr3a,100,0.04186986899520814,0.9620677828788757,64,64
cdr3a,101,0.04154588306631359,0.9659492373466492,64,64
cdr3a,102,0.04185408385001577,0.9646260142326355,64,64
cdr3a,103,0.041346142815425126,0.9653317332267761,64,64
cdr3a,104,0.0411400224873445,0.9648906588554382,64,64
cdr3a,105,0.04102092724243119,0.9646260142326355,64,64
cdr3a,106,0.04075506510788218,0.9647142291069031,64,64
cdr3a,107,0.04074975778019653,0.9648906588554382,64,64
cdr3a,108,0.040986685177260854,0.9654199481010437,64,64
cdr3a,109,0.0406904492501591,0.9663902521133423,64,64
cdr3a,110,0.040710017988007385,0.9646260142326355,64,64
cdr3a,111,0.04012984407279602,0.9692131280899048,64,64
cdr3a,112,0.04034291375136375,0.966654896736145,64,64
cdr3a,113,0.04026135864443525,0.9655963778495789,64,64
cdr3a,114,0.039836381180181034,0.9669195413589478,64,64
cdr3a,115,0.03985162968184545,0.9663902521133423,64,64
cdr3a,116,0.04040586945055085,0.9668313264846802,64,64
cdr3a,117,0.03963997819817242,0.9668313264846802,64,64
cdr3a,118,0.039726434401322126,0.9670077562332153,64,64
cdr3a,119,0.039132084372408976,0.9682427644729614,64,64
cdr3a,120,0.03940045182565544,0.9667431116104126,64,64
cdr3a,121,0.039128113525550956,0.9670077562332153,64,64
cdr3a,122,0.039150066184062346,0.9675370454788208,64,64
cdr3a,123,0.03905957745010068,0.9697424173355103,64,64
cdr3a,124,0.03888732132079784,0.9680663347244263,64,64
cdr3a,125,0.03914924931670878,0.9652435183525085,64,64
cdr3a,126,0.038720231934464944,0.9678016901016235,64,64
cdr3a,127,0.03857770265972746,0.965772807598114,64,64
cdr3a,128,0.038786052979612975,0.9633910059928894,64,64
cdr3a,129,0.039078714732449026,0.9665666818618774,64,64
cdr3a,130,0.03810795724438258,0.9663020372390747,64,64
cdr3a,131,0.0382205094143226,0.9670959711074829,64,64
cdr3a,132,0.03849264066481786,0.9672724008560181,64,64
cdr3a,133,0.0384258305186597,0.9681545495986938,64,64
cdr3a,134,0.03813033474785421,0.9693895578384399,64,64
cdr3a,135,0.03865581511576455,0.9693013429641724,64,64
cdr3a,136,0.037932446374364485,0.9691249132156372,64,64
cdr3a,137,0.03787389968618645,0.9680663347244263,64,64
cdr3a,138,0.0378822072482333,0.967713475227356,64,64
cdr3a,139,0.03803883780588658,0.9669195413589478,64,64
cdr3a,140,0.03785870092466822,0.9703599214553833,64,64
cdr3a,141,0.037692429757623706,0.9661256670951843,64,64
cdr3a,142,0.037577246188091724,0.9670959711074829,64,64
cdr3a,143,0.03762679659245388,0.9682427644729614,64,64
cdr3a,144,0.037709473861176006,0.9699188470840454,64,64
cdr3a,145,0.03752350476167121,0.9709774255752563,64,64
cdr3a,146,0.03703413346944609,0.9669195413589478,64,64
cdr3a,147,0.037210212130403625,0.9699188470840454,64,64
cdr3a,148,0.03682208977381073,0.968330979347229,64,64
cdr3a,149,0.037213441282308586,0.9671841859817505,64,64
cdr3a,150,0.036685688315597244,0.9670077562332153,64,64
cdr3a,151,0.03710914589339906,0.9655081629753113,64,64
cdr3a,152,0.03669679617561677,0.9691249132156372,64,64
cdr3a,153,0.03653792805481813,0.9679781198501587,64,64
cdr3a,154,0.03660318462005464,0.9678899049758911,64,64
cdr3a,155,0.036477076008099275,0.9694777727127075,64,64
cdr3a,156,0.03638838076261566,0.9673606157302856,64,64
cdr3a,157,0.036482821387557304,0.9708892107009888,64,64
cdr3a,158,0.03656622321919649,0.9688602685928345,64,64
cdr3a,159,0.03614083793715687,0.9687720537185669,64,64
cdr3a,160,0.036299826056358876,0.9708892107009888,64,64
cdr3a,161,0.03582758612231231,0.9678899049758911,64,64
cdr3a,162,0.035780229183074774,0.9690366983413696,64,64
cdr3a,163,0.03596845804049487,0.9704481363296509,64,64
cdr3a,164,0.035890008097993295,0.9688602685928345,64,64
cdr3a,165,0.03569915632785753,0.9705363512039185,64,64
cdr3a,166,0.035846089706850305,0.9678899049758911,64,64
cdr3a,167,0.03543197989554272,0.9664784669876099,64,64
cdr3a,168,0.03547090701063413,0.9710656404495239,64,64
cdr3a,169,0.035491296344005316,0.9692131280899048,64,64
cdr3a,170,0.035373107054190785,0.9695659875869751,64,64
cdr3a,171,0.03550002401936847,0.9715067148208618,64,64
cdr3a,172,0.035331038823704905,0.970007061958313,64,64
cdr3a,173,0.03538901010513779,0.9694777727127075,64,64
cdr3a,174,0.034961552271656836,0.9720360040664673,64,64
cdr3a,175,0.0350063262033205,0.9726535081863403,64,64
cdr3a,176,0.035050873229124035,0.9708892107009888,64,64
cdr3a,177,0.034880829477990094,0.9688602685928345,64,64
cdr3a,178,0.034798760629908485,0.9699188470840454,64,64
cdr3a,179,0.035284246831839575,0.9701834917068481,64,64
cdr3a,180,0.0347377358882783,0.9715949296951294,64,64
cdr3a,181,0.03488879604724941,0.9717713594436646,64,64
cdr3a,182,0.03481419695569765,0.9699188470840454,64,64
cdr3a,183,0.034707733045568075,0.9694777727127075,64,64
cdr3a,184,0.034639415805923134,0.9715067148208618,64,64
cdr3a,185,0.0346908776131871,0.9715949296951294,64,64
cdr3a,186,0.03410048444742596,0.9723888635635376,64,64
cdr3a,187,0.03442886468584603,0.9720360040664673,64,64
cdr3a,188,0.03404190326785944,0.9707127809524536,64,64
cdr3a,189,0.03436469659509952,0.9721242189407349,64,64
cdr3a,190,0.03428676217280797,0.9732710123062134,64,64
cdr3a,191,0.034427081081572025,0.97230064868927,64,64
cdr3a,192,0.03399722618536232,0.970624566078186,64,64
cdr3a,193,0.03385216734766237,0.9694777727127075,64,64
cdr3a,194,0.033897271921952334,0.9708892107009888,64,64
cdr3a,195,0.03393140841199127,0.9715067148208618,64,64
cdr3a,196,0.03367075183695567,0.97230064868927,64,64
cdr3a,197,0.03374021892142074,0.9720360040664673,64,64
cdr3a,198,0.033915789025710665,0.9709774255752563,64,64
cdr3a,199,0.03411611560934619,0.9731827974319458,64,64
cdr3a,200,0.03371274106725681,0.9688602685928345,64,64
cdr3a,201,0.03344993553832405,0.9722124338150024,64,64
cdr3a,202,0.03365419059262479,0.9704481363296509,64,64
cdr3a,203,0.033602976268896155,0.9711538553237915,64,64
cdr3a,204,0.033495567191927623,0.9723888635635376,64,64
cdr3a,205,0.03346652189552736,0.9713302850723267,64,64
cdr3a,206,0.03316917644256178,0.9710656404495239,64,64
cdr3a,207,0.03340529336474069,0.9715949296951294,64,64
cdr3a,208,0.033378666830259765,0.973359227180481,64,64
cdr3a,209,0.0332758164667547,0.973359227180481,64,64
cdr3a,210,0.03308589482838918,0.9718595743179321,64,64
cdr3a,211,0.03276256730666347,0.973976731300354,64,64
cdr3a,212,0.033065518225252465,0.9721242189407349,64,64
cdr3a,213,0.03318029970450412,0.9732710123062134,64,64
cdr3a,214,0.032921325457406884,0.9708892107009888,64,64
cdr3a,215,0.03293087766301766,0.9723888635635376,64,64
cdr3a,216,0.03331555436050259,0.9724770784378052,64,64
cdr3a,217,0.032770061811354924,0.973359227180481,64,64
cdr3a,218,0.03280710329597381,0.971683144569397,64,64
cdr3a,219,0.03254813701515783,0.9745060205459595,64,64
cdr3a,220,0.03292880307708426,0.9723888635635376,64,64
cdr3a,221,0.03261567734847644,0.9730945825576782,64,64
cdr3a,222,0.0323739847298875,0.9738885164260864,64,64
cdr3a,223,0.03257674919664148,0.9752117395401001,64,64
cdr3a,224,0.032422914780133955,0.9732710123062134,64,64
cdr3a,225,0.03237145640277043,0.9730063676834106,64,64
cdr3a,226,0.032376657365667035,0.9722124338150024,64,64
cdr3a,227,0.032426874725653865,0.9729181528091431,64,64
cdr3a,228,0.03217539224495786,0.9714184999465942,64,64
cdr3a,229,0.03236894282892768,0.9741531610488892,64,64
cdr3a,230,0.032289766878453155,0.9727417230606079,64,64
cdr3a,231,0.03221267986968642,0.9743295907974243,64,64
cdr3a,232,0.03188904912067385,0.9697424173355103,64,64
cdr3a,233,0.03200583502689672,0.9736238718032837,64,64
cdr3a,234,0.03246883703670673,0.9737120866775513,64,64
cdr3a,235,0.031674530469021245,0.9744178056716919,64,64
cdr3a,236,0.03219738525703805,0.973359227180481,64,64
cdr3a,237,0.03168353986124995,0.9738885164260864,64,64
cdr3a,238,0.03195569784910192,0.9748588800430298,64,64
cdr3a,239,0.03211390257750801,0.9742413759231567,64,64
cdr3a,240,0.03186908260090581,0.9747706651687622,64,64
cdr3a,241,0.03177939499907762,0.974594235420227,64,64
cdr3a,242,0.031754526796787176,0.9717713594436646,64,64
cdr3a,243,0.031618124802943647,0.975652813911438,64,64
cdr3a,244,0.03174173814102423,0.9718595743179321,64,64
cdr3a,245,0.03193303574236372,0.9743295907974243,64,64
cdr3b,1,0.42645479986107676,0.3860200047492981,64,64
cdr3b,2,0.22420130450632433,0.5393704175949097,64,64
cdr3b,3,0.18372004762070793,0.6079484820365906,64,64
cdr3b,4,0.15812829422418034,0.6542179584503174,64,64
cdr3b,5,0.1431623458404824,0.6865240335464478,64,64
cdr3b,6,0.13290472630600098,0.7010658979415894,64,64
cdr3b,7,0.1258034265017969,0.7178385853767395,64,64
cdr3b,8,0.11991191287100081,0.7337850332260132,64,64
cdr3b,9,0.11370044709390571,0.7445261478424072,64,64
cdr3b,10,0.10870833496235752,0.7403123378753662,64,64
cdr3b,11,0.1048103363709545,0.762290358543396,64,64
cdr3b,12,0.10140409794568243,0.7566719055175781,64,64
cdr3b,13,0.09897326316500857,0.769313395023346,64,64
cdr3b,14,0.09582108653549365,0.782368004322052,64,64
cdr3b,15,0.09374453525519424,0.7822853922843933,64,64
cdr3b,16,0.09141368511876778,0.7810460329055786,64,64
cdr3b,17,0.08916464757994541,0.7987276315689087,64,64
cdr3b,18,0.08733331493127271,0.8121127486228943,64,64
cdr3b,19,0.08499418322099225,0.8107907176017761,64,64
cdr3b,20,0.08287029385454883,0.8232669830322266,64,64
cdr3b,21,0.08138739923309105,0.8294637799263,64,64
cdr3b,22,0.07974017550620775,0.8342559933662415,64,64
cdr3b,23,0.0780519630754236,0.8365694880485535,64,64
cdr3b,24,0.0762411922651022,0.841609537601471,64,64
cdr3b,25,0.07455428765888773,0.8335949778556824,64,64
cdr3b,26,0.07321366259141036,0.8444187641143799,64,64
cdr3b,27,0.07176751274511958,0.8429315090179443,64,64
cdr3b,28,0.07077011370565345,0.8433446288108826,64,64
cdr3b,29,0.06994855803636567,0.8444187641143799,64,64
cdr3b,30,0.0689710580416147,0.8380566835403442,64,64
cdr3b,31,0.06797485101676407,0.8485499620437622,64,64
cdr3b,32,0.06736617601992387,0.8503677248954773,64,64
cdr3b,33,0.06658279432913722,0.8549946546554565,64,64
cdr3b,34,0.06642763802679086,0.8440056443214417,64,64
cdr3b,35,0.06550155801566086,0.8549120426177979,64,64
cdr3b,36,0.06506681207090276,0.8503677248954773,64,64
cdr3b,37,0.06456025735410471,0.8538379073143005,64,64
cdr3b,38,0.06381519455364208,0.8497067093849182,64,64
cdr3b,39,0.06340844047221027,0.8565645217895508,64,64
cdr3b,40,0.0630065635436329,0.8549120426177979,64,64
cdr3b,41,0.06244381708424184,0.858134388923645,64,64
cdr3b,42,0.062421131843001125,0.8624308109283447,64,64
cdr3b,43,0.06160180075124285,0.8561514019966125,64,64
cdr3b,44,0.061207622678261984,0.8681318759918213,64,64
cdr3b,45,0.06067776588471131,0.8707758784294128,64,64
cdr3b,46,0.06045460643092052,0.8590432405471802,64,64
cdr3b,47,0.05990875380810426,0.8508634567260742,64,64
cdr3b,48,0.05978217820767024,0.878212034702301,64,64
cdr3b,49,0.05933055063268339,0.8543336391448975,64,64
cdr3b,50,0.05926792844786856,0.8699496388435364,64,64
cdr3b,51,0.05892129665742286,0.878212034702301,64,64
cdr3b,52,0.058517116224086674,0.8760638236999512,64,64
cdr3b,53,0.05837693332878575,0.8627613186836243,64,64
cdr3b,54,0.0580536175504614,0.8621003031730652,64,64
cdr3b,55,0.05799329795823983,0.8671404123306274,64,64
cdr3b,56,0.05777812766175861,0.8807733654975891,64,64
cdr3b,57,0.0573919657692148,0.8644964098930359,64,64
cdr3b,58,0.05699295242979891,0.8713542222976685,64,64
cdr3b,59,0.056979831604345166,0.8590432405471802,64,64
cdr3b,60,0.056676699774558685,0.8795340061187744,64,64
cdr3b,61,0.056685656373175096,0.8653226494789124,64,64
cdr3b,62,0.056282783601875906,0.8624308109283447,64,64
cdr3b,63,0.05618802325581805,0.8680492639541626,64,64
cdr3b,64,0.055694047087759324,0.8731719851493835,64,64
cdr3b,65,0.05560833760572948,0.8670578002929688,64,64
cdr3b,66,0.05512759247631135,0.8756507039070129,64,64
cdr3b,67,0.054804270900690615,0.883334755897522,64,64
cdr3b,68,0.054519808582126655,0.8697843551635742,64,64
cdr3b,69,0.054378437848500216,0.8754028081893921,64,64
cdr3b,70,0.054220754504661274,0.872841477394104,64,64
cdr3b,71,0.05392834934006163,0.8838304877281189,64,64
cdr3b,72,0.05392525660113306,0.8754028081893921,64,64
cdr3b,73,0.0541258875321919,0.877055287361145,64,64
cdr3b,74,0.05353142459713699,0.8879616856575012,64,64
cdr3b,75,0.053165427510615974,0.8755680918693542,64,64
cdr3b,76,0.05326098864413601,0.8748244643211365,64,64
cdr3b,77,0.05318887895822993,0.882425844669342,64,64
cdr3b,78,0.05284923225458258,0.8851524591445923,64,64
cdr3b,79,0.05260906212537612,0.8866397142410278,64,64
cdr3b,80,0.05249642633218093,0.8859786987304688,64,64
cdr3b,81,0.05252506975443538,0.8868049383163452,64,64
cdr3b,82,0.05256221803464663,0.88102126121521,64,64
cdr3b,83,0.05210174139593519,0.8913492560386658,64,64
cdr3b,84,0.052228744487377764,0.8712716102600098,64,64
cdr3b,85,0.052093360987073345,0.8901925086975098,64,64
cdr3b,86,0.05198122315920804,0.8899446725845337,64,64
cdr3b,87,0.051798781030402336,0.8918450474739075,64,64
cdr3b,88,0.05152906256818576,0.8911840319633484,64,64
cdr3b,89,0.05170960264712821,0.8911014199256897,64,64
cdr3b,90,0.05118313065806123,0.8881269097328186,64,64
cdr3b,91,0.051345725514855015,0.8921754956245422,64,64
cdr3b,92,0.051215589627732844,0.8962240815162659,64,64
cdr3b,93,0.051031432324315465,0.8900272846221924,64,64
cdr3b,94,0.05124010509412158,0.8867223262786865,64,64
cdr3b,95,0.050993958071608725,0.8860613107681274,64,64
cdr3b,96,0.05053758339611068,0.8873833417892456,64,64
cdr3b,97,0.05046101733343239,0.8915971517562866,64,64
cdr3b,98,0.050437223730072235,0.8936627507209778,64,64
cdr3b,99,0.05018142962730746,0.8974634408950806,64,64
cdr3b,100,0.05006597808948377,0.8937453627586365,64,64
cdr3b,101,0.04986474229009835,0.8996943235397339,64,64
cdr3b,102,0.05000421487604435,0.8943237662315369,64,64
cdr3b,103,0.04987548294910977,0.8996117115020752,64,64
cdr3b,104,0.04960133958173941,0.8956457376480103,64,64
cdr3b,105,0.04935671424583101,0.8972156047821045,64,64
cdr3b,106,0.04960673193099575,0.8949847221374512,64,64
cdr3b,107,0.04954368526285345,0.8972156047821045,64,64
cdr3b,108,0.04910427776671871,0.8900272846221924,64,64
cdr3b,109,0.04929311063770302,0.8902751803398132,64,64
cdr3b,110,0.04888560952901149,0.888705313205719,64,64
cdr3b,111,0.04874508316410538,0.8946542143821716,64,64
cdr3b,112,0.04862689694970129,0.8966372013092041,64,64
cdr3b,113,0.04845357434838405,0.9005205631256104,64,64
cdr3b,114,0.04836340522564822,0.8900272846221924,64,64
cdr3b,115,0.048528784582349764,0.8925886154174805,64,64
cdr3b,116,0.04818187183804547,0.8939106464385986,64,64
cdr3b,117,0.04809404145160592,0.8997769355773926,64,64
cdr3b,118,0.048242141424328644,0.8954804539680481,64,64
cdr3b,119,0.047937836214511156,0.8993638157844543,64,64
cdr3b,120,0.04788471413221901,0.8945716023445129,64,64
cdr3b,121,0.04795520221978126,0.8987028002738953,64,64
cdr3b,122,0.04768895674576313,0.8982070684432983,64,64
cdr3b,123,0.048116913393620196,0.8935801386833191,64,64
cdr3b,124,0.047533927687210126,0.9014294147491455,64,64
cdr3b,125,0.0471311084576664,0.9012641906738281,64,64
cdr3b,126,0.0473532662735993,0.8951500058174133,64,64
cdr3b,127,0.04699952470327062,0.8962240815162659,64,64
cdr3b,128,0.04805550809893087,0.8969677090644836,64,64
cdr3b,129,0.0469237463821044,0.9014294147491455,64,64
cdr3b,130,0.04691773113190528,0.9011815190315247,64,64
cdr3b,131,0.04687406537619423,0.8870528340339661,64,64
cdr3b,132,0.04692044477606722,0.8992812037467957,64,64
cdr3b,133,0.04705124205039027,0.8956457376480103,64,64
cdr3b,134,0.04654263019150035,0.9024209380149841,64,64
cdr3b,135,0.046406482290981696,0.9006857872009277,64,64
cdr3b,136,0.046516008004508044,0.8958935737609863,64,64
cdr3b,137,0.04647547290600873,0.8959762454032898,64,64
cdr3b,138,0.04632344785000752,0.8933322429656982,64,64
cdr3b,139,0.04662575458384365,0.9003552794456482,64,64
cdr3b,140,0.04641428221574359,0.8844088315963745,64,64
cdr3b,141,0.046019597419919,0.9020904302597046,64,64
cdr3b,142,0.04581203402999967,0.8961414694786072,64,64
cdr3b,143,0.046294094371346815,0.9000248312950134,64,64
cdr3b,144,0.04582170602540992,0.9001074433326721,64,64
cdr3b,145,0.045514394732520336,0.8997769355773926,64,64
cdr3b,146,0.04535471436215122,0.8982070684432983,64,64
cdr3b,147,0.045962282553545175,0.9007683992385864,64,64
cdr3b,148,0.04549299334068663,0.8865571022033691,64,64
cdr3b,149,0.04531368103660497,0.8954804539680481,64,64
cdr3b,150,0.04536748231880579,0.8828389644622803,64,64
cdr3b,151,0.04533901167542642,0.9010162949562073,64,64
cdr3b,152,0.04511549070575336,0.8986201882362366,64,64
cdr3b,153,0.04498494603070213,0.897546112537384,64,64
cdr3b,154,0.045022402838973,0.890605628490448,64,64
cdr3b,155,0.04532709250357825,0.8967198729515076,64,64
cdr3b,156,0.044873632223517056,0.8893662691116333,64,64
cdr3b,157,0.045490284888167525,0.8915145397186279,64,64
cdr3b,158,0.04459349755188233,0.8995290398597717,64,64
cdr3b,159,0.044769728285408705,0.8904404044151306,64,64
cdr3b,160,0.04469182902425096,0.897546112537384,64,64
cdr3b,161,0.04468652035684568,0.9009336829185486,64,64
cdr3b,162,0.04449133033470735,0.8976287245750427,64,64
cdr3b,163,0.04454888146470406,0.9039081335067749,64,64
cdr3b,164,0.044278120793530544,0.9035776257514954,64,64
cdr3b,165,0.04453986437323149,0.8961414694786072,64,64
cdr3b,166,0.044690275386308785,0.8894489407539368,64,64
cdr3b,167,0.044365707452963504,0.8896967768669128,64,64
cdr3b,168,0.04399331368883376,0.895232617855072,64,64
cdr3b,169,0.044306850791201134,0.8881269097328186,64,64
cdr3b,170,0.04411583512985887,0.8942410945892334,64,64
cdr3b,171,0.04419157452132847,0.9000248312950134,64,64
cdr3b,172,0.0438894258475631,0.8965545892715454,64,64
cdr3b,173,0.04384706503836018,0.9016773104667664,64,64
cdr3b,174,0.043936628811080444,0.9010162949562073,64,64
cdr3b,175,0.04414866749288105,0.900603175163269,64,64
cdr3b,176,0.043683925799424386,0.8989506959915161,64,64
cdr3b,177,0.043937943968810705,0.8972982168197632,64,64
cdr3b,178,0.04358145232018037,0.8970503211021423,64,64
cdr3b,179,0.04386974022023694,0.8811038732528687,64,64
cdr3b,180,0.04392680486690545,0.9002726674079895,64,64
cdr3b,181,0.043525767632041,0.891762375831604,64,64
cdr3b,182,0.04338610533249372,0.8801950216293335,64,64
cdr3b,183,0.04356325118590109,0.9021730422973633,64,64
cdr3b,184,0.043304445940645996,0.8953978419303894,64,64
cdr3b,185,0.04322840946982404,0.8995290398597717,64,64
cdr3b,186,0.04331501640713644,0.9003552794456482,64,64
cdr3b,187,0.04325898760955437,0.9001074433326721,64,64
cdr3b,188,0.04312760113002537,0.8987854719161987,64,64
cdr3b,189,0.04321849517360312,0.8953978419303894,64,64
cdr3b,190,0.04349249154748657,0.9014294147491455,64,64
cdr3b,191,0.04293229643718671,0.8964719772338867,64,64
cdr3b,192,0.04300296376630062,0.9007683992385864,64,64
cdr3b,193,0.04296710064427226,0.8968024849891663,64,64
cdr3b,194,0.0427958820202632,0.8977113366127014,64,64
cdr3b,195,0.04287663656438594,0.9015946388244629,64,64
cdr3b,196,0.04286841393449842,0.9012641906738281,64,64
cdr3b,197,0.042578864541414976,0.8968024849891663,64,64
cdr3b,198,0.042646799821920635,0.899198591709137,64,64
cdr3b,199,0.04268278258752745,0.8990333080291748,64,64
cdr3b,200,0.04255806479285992,0.9001074433326721,64,64
cdr3b,201,0.04237350580656913,0.8950673341751099,64,64
cdr3b,202,0.043042100773580685,0.9001074433326721,64,64
cdr3b,203,0.04236334293531757,0.88102126121521,64,64
cdr3b,204,0.04239786587135795,0.8988680839538574,64,64
cdr3b,205,0.04237236667163295,0.8993638157844543,64,64
cdr3b,206,0.04230907291450965,0.8905230164527893,64,64
cdr3b,207,0.041994607217296,0.9001900553703308,64,64
cdr3b,208,0.04207549875768281,0.8995290398597717,64,64
cdr3b,209,0.04226013961000774,0.9010162949562073,64,64
cdr3b,210,0.04207769212016428,0.8882095813751221,64,64
cdr3b,211,0.042056190280322224,0.8811038732528687,64,64
cdr3b,212,0.041846760146481254,0.8969677090644836,64,64
cdr3b,213,0.042007333723154364,0.9026687741279602,64,64
cdr3b,214,0.041850188315618715,0.8911014199256897,64,64
cdr3b,215,0.04176850850196213,0.8973808288574219,64,64
cdr3b,216,0.04231749799228987,0.9029992818832397,64,64
cdr3b,217,0.041609894253762124,0.8934975266456604,64,64
cdr3b,218,0.04166471706952696,0.8692060112953186,64,64
cdr3b,219,0.04192096433622447,0.8379740715026855,64,64
cdr3b,220,0.042491996972233124,0.9001900553703308,64,64
cdr3b,221,0.04125479149336541,0.8977939486503601,64,64
cdr3b,222,0.041677401761019084,0.9012641906738281,64,64
cdr3b,223,0.04116637439282909,0.8984549641609192,64,64
cdr3b,224,0.041587718442633925,0.9036602973937988,64,64
cdr3b,225,0.04149126867126243,0.9005205631256104,64,64
cdr3b,226,0.0412645368837932,0.9052301049232483,64,64
cdr3b,227,0.0410972269409837,0.8911840319633484,64,64
cdr3b,228,0.041454063551368596,0.9020904302597046,64,64
cdr3b,229,0.041439355092331875,0.9008510708808899,64,64
cdr3b,230,0.04107241624632366,0.902255654335022,64,64
cdr3b,231,0.04105774965273852,0.9025035500526428,64,64
cdr3b,232,0.04119082311507929,0.9025035500526428,64,64
cdr3b,233,0.04084256230264968,0.8976287245750427,64,64
cdr3b,234,0.04094145864657467,0.9034950137138367,64,64
cdr3b,235,0.040780691303847774,0.8953978419303894,64,64
cdr3b,236,0.04096972589669665,0.9039081335067749,64,64
cdr3b,237,0.04077587087783068,0.904569149017334,64,64
cdr3b,238,0.04063689803611535,0.9042386412620544,64,64
cdr3b,239,0.040987481251829175,0.8904404044151306,64,64
cdr3b,240,0.040598036936174045,0.9015120267868042,64,64
cdr3b,241,0.04060630847792231,0.902916669845581,64,64
cdr3b,242,0.040515154182565266,0.8736677169799805,64,64
cdr3b,243,0.04041931473993308,0.8992812037467957,64,64
cdr3b,244,0.04044457483994113,0.8953152298927307,64,64
cdr3b,245,0.04058691434932003,0.896885097026825,64,64
cdr3b,246,0.040333239803684466,0.898289680480957,64,64
cdr3b,247,0.04035462513934543,0.9009336829185486,64,64
cdr3b,248,0.040521355825755126,0.9030818939208984,64,64
cdr3b,249,0.04012567305166364,0.9028340578079224,64,64
cdr3b,250,0.04013796515080397,0.897546112537384,64,64
cdr3b,251,0.040254626083441124,0.8939106464385986,64,64
cdr3b,252,0.0403288833871954,0.9011815190315247,64,64
cdr3b,253,0.04032578895749461,0.8992812037467957,64,64
cdr3b,254,0.0399697602325747,0.9083698391914368,64,64
cdr3b,255,0.03987808585225387,0.9048169851303101,64,64
cdr3b,256,0.03997911571930257,0.9051474928855896,64,64
cdr3b,257,0.039891322768504114,0.906882643699646,64,64
cdr3b,258,0.039790693566180244,0.9040734171867371,64,64
cdr3b,259,0.039802148672586087,0.899446427822113,64,64
cdr3b,260,0.03998457141272672,0.9070478677749634,64,64
cdr3b,261,0.039710158216791636,0.9006857872009277,64,64
cdr3b,262,0.03968594495118752,0.9031645059585571,64,64
cdr3b,263,0.03964450040264441,0.9044865369796753,64,64
cdr3b,264,0.03967826073706841,0.9010162949562073,64,64
cdr3b,265,0.03958348575601414,0.9036602973937988,64,64
cdr3b,266,0.039357432778451336,0.8443361520767212,64,64
cdr3b,267,0.039877754128718364,0.8987028002738953,64,64
cdr3b,268,0.039511898940239425,0.9048996567726135,64,64
cdr3b,269,0.03953173741121331,0.9008510708808899,64,64
cdr3b,270,0.039447778282658795,0.9034950137138367,64,64
cdr3b,271,0.03943187300126626,0.9082046151161194,64,64
cdr3b,272,0.03953444913103376,0.8945716023445129,64,64
cdr3b,273,0.03951320644889333,0.907626211643219,64,64
cdr3b,274,0.03913640864733521,0.9044865369796753,64,64
cdr3b,275,0.03943269828865954,0.9037429094314575,64,64
cdr3b,276,0.0392203931289587,0.9042386412620544,64,64
cdr3b,277,0.03925583787731357,0.8974634408950806,64,64
cdr3b,278,0.039290497435119275,0.9069652557373047,64,64
cdr3b,279,0.03910916971556465,0.906469464302063,64,64
cdr3b,280,0.039002641680237884,0.9029992818832397,64,64
cdr3b,281,0.039028636096977806,0.9044865369796753,64,64
cdr3b,282,0.03886929244900978,0.9082046151161194,64,64
cdr3b,283,0.038832589442969266,0.9059737324714661,64,64
cdr3b,284,0.038835283970540035,0.9036602973937988,64,64
cdr3b,285,0.03901481019917881,0.9051474928855896,64,64
cdr3b,286,0.0389528089631352,0.9053953886032104,64,64
cdr3b,287,0.03898240328635674,0.9073783755302429,64,64
cdr3b,288,0.03887944724369472,0.9080393314361572,64,64
cdr3b,289,0.038714003822293355,0.9035776257514954,64,64
cdr3b,290,0.03895336247748042,0.9070478677749634,64,64
cdr3b,291,0.03853918045451672,0.899198591709137,64,64
cdr3b,292,0.03869281965199081,0.9096091985702515,64,64
cdr3b,293,0.0386030425985539,0.9020078182220459,64,64
cdr3b,294,0.03882485752245092,0.9077088832855225,64,64
cdr3b,295,0.038604073241192915,0.9089482426643372,64,64
cdr3b,296,0.038658281600726416,0.9043212532997131,64,64
cdr3b,297,0.038741595476342205,0.9047343730926514,64,64
cdr3b,298,0.03900594622920992,0.9077914953231812,64,64
cdr3b,299,0.03847906983144735,0.9013468027114868,64,64
cdr3b,300,0.03852871156073808,0.9053127765655518,64,64
cdr3b,301,0.038380015294845755,0.9054780006408691,64,64
cdr3b,302,0.038239288953268426,0.9097744822502136,64,64
cdr3b,303,0.03839453356513671,0.9078741073608398,64,64
cdr3b,304,0.03845105722448727,0.9044038653373718,64,64
cdr3b,305,0.038260353456864314,0.9056432247161865,64,64
cdr3b,306,0.03865137915526481,0.9026687741279602,64,64
cdr3b,307,0.0384354987167268,0.9042386412620544,64,64
cdr3b,308,0.03818564182310997,0.9038255214691162,64,64
cdr3b,309,0.03816043421023742,0.8963067531585693,64,64
cdr3b,310,0.03852472641399985,0.9060563445091248,64,64
cdr3b,311,0.03809497085071588,0.901759922504425,64,64
cdr3b,312,0.03822441422759358,0.9048996567726135,64,64
cdr3b,313,0.038376129727792196,0.8961414694786072,64,64
cdr3b,314,0.03838559239518209,0.8990333080291748,64,64
cdr3b,315,0.03830288538987901,0.9084524512290955,64,64
cdr3b,316,0.038176073788079246,0.9018425345420837,64,64
cdr3b,317,0.03801493604608552,0.9105180501937866,64,64
cdr3b,318,0.03812966902325549,0.9042386412620544,64,64
cdr3b,319,0.038130055645739035,0.9102702140808105,64,64
cdr3b,320,0.03808243776646649,0.9101876020431519,64,64
cdr3b,321,0.03791818376767153,0.9089482426643372,64,64
cdr3b,322,0.03795908352335667,0.9001074433326721,64,64
cdr3b,323,0.03803508453085096,0.9005205631256104,64,64
cdr3b,324,0.03792542948678413,0.9113442897796631,64,64
cdr3b,325,0.0379745037601341,0.9087003469467163,64,64
cdr3b,326,0.03825978229647404,0.9011815190315247,64,64
cdr3b,327,0.037809983352251615,0.90572589635849,64,64
cdr3b,328,0.037719466338868475,0.9056432247161865,64,64
cdr3b,329,0.0377385541527279,0.8342559933662415,64,64
cdr3b,330,0.03854324221560192,0.8939106464385986,64,64
cdr3b,331,0.03777961566187753,0.9066347479820251,64,64
cdr3b,332,0.03757775440232635,0.9051474928855896,64,64
cdr3b,333,0.037723598934223314,0.9065521359443665,64,64
cdr3b,334,0.03780276748661029,0.9046517610549927,64,64
cdr3b,335,0.037820536041933785,0.9082872271537781,64,64
cdr3b,336,0.037524224910519745,0.9082046151161194,64,64
cdr3b,337,0.037499970897623,0.9102702140808105,64,64
cdr3b,338,0.03758369177553193,0.9105180501937866,64,64
cdr3b,339,0.037645499724986896,0.9054780006408691,64,64
cdr3b,340,0.0374885424204665,0.9070478677749634,64,64
cdr3b,341,0.03743469434784436,0.903412401676178,64,64
cdr3b,342,0.03796167979590339,0.9066347479820251,64,64
cdr3b,343,0.037477721977402643,0.9109311699867249,64,64
cdr3b,344,0.0375801831788828,0.9105180501937866,64,64
cdr3b,345,0.037414291585806225,0.9106007218360901,64,64
cdr3b,346,0.03755296874501011,0.9062216281890869,64,64
cdr3b,347,0.037420819885298065,0.9093613624572754,64,64
cdr3b,348,0.03727858849168434,0.9018425345420837,64,64
cdr3b,349,0.03768578903984997,0.9074609875679016,64,64
cdr3b,350,0.037210074563482284,0.9123358130455017,64,64
cdr3b,351,0.037479271824482296,0.9061390161514282,64,64
cdr3b,352,0.03726082972117288,0.9044865369796753,64,64
cdr3b,353,0.03716947384154494,0.9027513861656189,64,64
cdr3b,354,0.03751287231154762,0.9071304798126221,64,64
cdr3b,355,0.03734112112936501,0.9042386412620544,64,64
cdr3b,356,0.03735095013073437,0.9086177349090576,64,64
cdr3b,357,0.0374409227264572,0.9020904302597046,64,64
cdr3b,358,0.03684501741529426,0.9040734171867371,64,64
cdr3b,359,0.037107959923922317,0.9112616777420044,64,64
cdr3b,360,0.03723990125332231,0.9053953886032104,64,64
cdr3b,361,0.03723884216758673,0.9129141569137573,64,64
cdr3b,362,0.03719107531177577,0.9124184250831604,64,64
cdr3b,363,0.03707105603177718,0.9086177349090576,64,64
cdr3b,364,0.03732920091865454,0.9066347479820251,64,64
cdr3b,365,0.0372587139909328,0.9079567193984985,64,64
cdr3b,366,0.03712927155322474,0.9105180501937866,64,64
cdr3b,367,0.03713053173175723,0.9136577844619751,64,64
cdr3b,368,0.03680208467205047,0.9111790657043457,64,64
